{"_id":{"$oid":"5ebd349532cd781ec913c801"},"package":[{"convo_id":"5ebd342ac0db0b3b9dc7e6eb","start_turn":3},{"convo_id":"5ebd309e625c9ebd5c9f6321","start_turn":9},{"convo_id":"5ebd33a493092c654b5d1427","start_turn":5},{"convo_id":"5ebd336b50870b22af64520f","start_turn":9},{"convo_id":"5ebd3099625c9ebd5c9f62f4","start_turn":9},{"convo_id":"5ebd33ea0536410a1494eba7","start_turn":5},{"convo_id":"5ebd332ecebb1b56c4b1b7c5","start_turn":5},{"convo_id":"5ebd33db0536410a1494eba5","start_turn":9},{"convo_id":"5ebd309d625c9ebd5c9f631a","start_turn":9},{"convo_id":"5ebd33ea0536410a1494eba9","start_turn":9},{"convo_id":"5ebd309f625c9ebd5c9f6333","start_turn":3},{"convo_id":"5ebd33eb0536410a1494ebb1","start_turn":5},{"convo_id":"5ebd309b625c9ebd5c9f630c","start_turn":3},{"convo_id":"5ebd332fcebb1b56c4b1b7d2","start_turn":3},{"convo_id":"5ebd345f599604b28097d3de","start_turn":3},{"convo_id":"5ebd342bc0db0b3b9dc7e6ef","start_turn":5},{"convo_id":"5ebd342bc0db0b3b9dc7e6ee","start_turn":3},{"convo_id":"5ebd342ac0db0b3b9dc7e6e9","start_turn":3},{"convo_id":"5ebd33a993092c654b5d1430","start_turn":5},{"convo_id":"5ebd345f599604b28097d3e2","start_turn":9}]}
{"_id":{"$oid":"5ebd349532cd781ec913c802"},"package":[{"convo_id":"5ebd309e625c9ebd5c9f6326","start_turn":5},{"convo_id":"5ebd309a625c9ebd5c9f6301","start_turn":3},{"convo_id":"5ebd342bc0db0b3b9dc7e6ed","start_turn":3},{"convo_id":"5ebd3459599604b28097d3d9","start_turn":9},{"convo_id":"5ebd336b50870b22af64520e","start_turn":5},{"convo_id":"5ebd33a993092c654b5d142e","start_turn":9},{"convo_id":"5ebd3095625c9ebd5c9f62d4","start_turn":3},{"convo_id":"5ebd309a625c9ebd5c9f62fd","start_turn":3},{"convo_id":"5ebd345f599604b28097d3e5","start_turn":3},{"convo_id":"5ebd345f599604b28097d3e0","start_turn":3},{"convo_id":"5ebd332ecebb1b56c4b1b7c9","start_turn":5},{"convo_id":"5ebd336c50870b22af645213","start_turn":5},{"convo_id":"5ebd345e599604b28097d3dc","start_turn":3},{"convo_id":"5ebd342ac0db0b3b9dc7e6e4","start_turn":9},{"convo_id":"5ebd3460599604b28097d3e7","start_turn":9},{"convo_id":"5ebd332ecebb1b56c4b1b7c6","start_turn":3},{"convo_id":"5ebd342ac0db0b3b9dc7e6e5","start_turn":9},{"convo_id":"5ebd309e625c9ebd5c9f6329","start_turn":9},{"convo_id":"5ebd341dc0db0b3b9dc7e6e2","start_turn":5},{"convo_id":"5ebd33a993092c654b5d1434","start_turn":9}]}
{"_id":{"$oid":"5ebd349532cd781ec913c803"},"package":[{"convo_id":"5ebd332fcebb1b56c4b1b7d0","start_turn":3},{"convo_id":"5ebd33ea0536410a1494ebac","start_turn":3},{"convo_id":"5ebd309d625c9ebd5c9f6319","start_turn":9},{"convo_id":"5ebd345f599604b28097d3e6","start_turn":3},{"convo_id":"5ebd3097625c9ebd5c9f62e8","start_turn":5},{"convo_id":"5ebd336c50870b22af645214","start_turn":9},{"convo_id":"5ebd33a993092c654b5d142d","start_turn":9},{"convo_id":"5ebd3096625c9ebd5c9f62df","start_turn":5},{"convo_id":"5ebd345e599604b28097d3dd","start_turn":9},{"convo_id":"5ebd336b50870b22af64520c","start_turn":9},{"convo_id":"5ebd33a893092c654b5d142b","start_turn":3},{"convo_id":"5ebd309d625c9ebd5c9f631c","start_turn":9},{"convo_id":"5ebd342ac0db0b3b9dc7e6e7","start_turn":9},{"convo_id":"5ebd33ea0536410a1494ebad","start_turn":3},{"convo_id":"5ebd332ecebb1b56c4b1b7c7","start_turn":3},{"convo_id":"5ebd33ea0536410a1494ebaa","start_turn":3},{"convo_id":"5ebd33eb0536410a1494ebb3","start_turn":3},{"convo_id":"5ebd33a893092c654b5d1428","start_turn":5},{"convo_id":"5ebd3097625c9ebd5c9f62e4","start_turn":5},{"convo_id":"5ebd33a993092c654b5d1432","start_turn":5}]}
{"_id":{"$oid":"5ebd349532cd781ec913c804"},"package":[{"convo_id":"5ebd332fcebb1b56c4b1b7ce","start_turn":3},{"convo_id":"5ebd332ecebb1b56c4b1b7cb","start_turn":9},{"convo_id":"5ebd332ecebb1b56c4b1b7ca","start_turn":5},{"convo_id":"5ebd336c50870b22af645211","start_turn":5},{"convo_id":"5ebd309d625c9ebd5c9f6317","start_turn":5},{"convo_id":"5ebd33a993092c654b5d142f","start_turn":5},{"convo_id":"5ebd345e599604b28097d3db","start_turn":9},{"convo_id":"5ebd336c50870b22af645212","start_turn":5},{"convo_id":"5ebd345f599604b28097d3e3","start_turn":5},{"convo_id":"5ebd3097625c9ebd5c9f62e2","start_turn":3},{"convo_id":"5ebd332fcebb1b56c4b1b7d1","start_turn":5},{"convo_id":"5ebd33a993092c654b5d1433","start_turn":3},{"convo_id":"5ebd33a893092c654b5d142a","start_turn":5},{"convo_id":"5ebd342ac0db0b3b9dc7e6ec","start_turn":3},{"convo_id":"5ebd33a993092c654b5d1431","start_turn":3},{"convo_id":"5ebd33eb0536410a1494ebb0","start_turn":3},{"convo_id":"5ebd3098625c9ebd5c9f62ed","start_turn":5},{"convo_id":"5ebd345f599604b28097d3e4","start_turn":3}]}
{"_id":{"$oid":"5ebd349532cd781ec913c805"},"package":[{"convo_id":"5ebd33ea0536410a1494ebab","start_turn":3},{"convo_id":"5ebd33ea0536410a1494eba8","start_turn":5},{"convo_id":"5ebd309b625c9ebd5c9f6305","start_turn":5},{"convo_id":"5ebd332ecebb1b56c4b1b7c8","start_turn":5},{"convo_id":"5ebd33eb0536410a1494ebb2","start_turn":5},{"convo_id":"5ebd345f599604b28097d3df","start_turn":5},{"convo_id":"5ebd309e625c9ebd5c9f6323","start_turn":3},{"convo_id":"5ebd3099625c9ebd5c9f62f2","start_turn":3},{"convo_id":"5ebd336c50870b22af645217","start_turn":9},{"convo_id":"5ebd332fcebb1b56c4b1b7cf","start_turn":5},{"convo_id":"5ebd3097625c9ebd5c9f62e3","start_turn":3},{"convo_id":"5ebd342ac0db0b3b9dc7e6e6","start_turn":9},{"convo_id":"5ebd345e599604b28097d3da","start_turn":5},{"convo_id":"5ebd345f599604b28097d3e1","start_turn":5},{"convo_id":"5ebd336b50870b22af64520d","start_turn":5},{"convo_id":"5ebd336b50870b22af645210","start_turn":3},{"convo_id":"5ebd332ecebb1b56c4b1b7cc","start_turn":3},{"convo_id":"5ebd33a893092c654b5d1429","start_turn":3},{"convo_id":"5ebd33ea0536410a1494ebaf","start_turn":9}]}
{"_id":{"$oid":"5ebd349532cd781ec913c806"},"package":[{"convo_id":"5ebd309b625c9ebd5c9f6306","start_turn":3},{"convo_id":"5ebd332fcebb1b56c4b1b7cd","start_turn":5},{"convo_id":"5ebd309b625c9ebd5c9f630b","start_turn":5},{"convo_id":"5ebd336b50870b22af64520b","start_turn":3},{"convo_id":"5ebd342ac0db0b3b9dc7e6e3","start_turn":9},{"convo_id":"5ebd336c50870b22af645215","start_turn":3},{"convo_id":"5ebd33ea0536410a1494ebae","start_turn":9},{"convo_id":"5ebd336b50870b22af64520a","start_turn":9},{"convo_id":"5ebd33e90536410a1494eba6","start_turn":3},{"convo_id":"5ebd3096625c9ebd5c9f62dd","start_turn":5},{"convo_id":"5ebd342bc0db0b3b9dc7e6f0","start_turn":3},{"convo_id":"5ebd342ac0db0b3b9dc7e6e8","start_turn":3},{"convo_id":"5ebd331acebb1b56c4b1b7c4","start_turn":9},{"convo_id":"5ebd342ac0db0b3b9dc7e6ea","start_turn":9},{"convo_id":"5ebd336550870b22af645209","start_turn":9},{"convo_id":"5ebd336c50870b22af645216","start_turn":5},{"convo_id":"5ebd33a993092c654b5d1435","start_turn":5},{"convo_id":"5ebd33a893092c654b5d142c","start_turn":9},{"convo_id":"5ebd309c625c9ebd5c9f6315","start_turn":3}]}
{"_id":{"$oid":"5ebd349532cd781ec913c807"},"package":[{"convo_id":"5ebd345e599604b28097d3dc","start_turn":5},{"convo_id":"5ebd33a493092c654b5d1427","start_turn":3},{"convo_id":"5ebd345f599604b28097d3de","start_turn":5},{"convo_id":"5ebd33a993092c654b5d1430","start_turn":9},{"convo_id":"5ebd3097625c9ebd5c9f62e2","start_turn":5},{"convo_id":"5ebd332ecebb1b56c4b1b7c8","start_turn":3},{"convo_id":"5ebd342ac0db0b3b9dc7e6e5","start_turn":5},{"convo_id":"5ebd309b625c9ebd5c9f6307","start_turn":3},{"convo_id":"5ebd33a893092c654b5d142b","start_turn":9},{"convo_id":"5ebd309a625c9ebd5c9f6301","start_turn":9},{"convo_id":"5ebd345f599604b28097d3e2","start_turn":3},{"convo_id":"5ebd342ac0db0b3b9dc7e6e4","start_turn":3},{"convo_id":"5ebd332ecebb1b56c4b1b7cb","start_turn":5},{"convo_id":"5ebd3097625c9ebd5c9f62e8","start_turn":9},{"convo_id":"5ebd33a993092c654b5d1431","start_turn":9},{"convo_id":"5ebd33db0536410a1494eba5","start_turn":3},{"convo_id":"5ebd336c50870b22af645216","start_turn":9},{"convo_id":"5ebd33eb0536410a1494ebb2","start_turn":9},{"convo_id":"5ebd336b50870b22af64520f","start_turn":5}]}
{"_id":{"$oid":"5ebd349532cd781ec913c808"},"package":[{"convo_id":"5ebd33a893092c654b5d1428","start_turn":3},{"convo_id":"5ebd3097625c9ebd5c9f62e4","start_turn":3},{"convo_id":"5ebd3095625c9ebd5c9f62d5","start_turn":3},{"convo_id":"5ebd342bc0db0b3b9dc7e6ef","start_turn":9},{"convo_id":"5ebd33a893092c654b5d142c","start_turn":5},{"convo_id":"5ebd345f599604b28097d3e0","start_turn":9},{"convo_id":"5ebd336c50870b22af645215","start_turn":9},{"convo_id":"5ebd309e625c9ebd5c9f6326","start_turn":3},{"convo_id":"5ebd309e625c9ebd5c9f6321","start_turn":5},{"convo_id":"5ebd336c50870b22af645214","start_turn":5},{"convo_id":"5ebd336c50870b22af645213","start_turn":9},{"convo_id":"5ebd33ea0536410a1494ebab","start_turn":9},{"convo_id":"5ebd33a993092c654b5d1433","start_turn":9},{"convo_id":"5ebd332fcebb1b56c4b1b7d2","start_turn":5},{"convo_id":"5ebd345f599604b28097d3df","start_turn":3},{"convo_id":"5ebd332fcebb1b56c4b1b7d0","start_turn":9},{"convo_id":"5ebd33ea0536410a1494ebaf","start_turn":5},{"convo_id":"5ebd342ac0db0b3b9dc7e6e7","start_turn":5},{"convo_id":"5ebd341dc0db0b3b9dc7e6e2","start_turn":3}]}
{"_id":{"$oid":"5ebd349532cd781ec913c809"},"package":[{"convo_id":"5ebd332ecebb1b56c4b1b7c7","start_turn":9},{"convo_id":"5ebd309b625c9ebd5c9f630b","start_turn":9},{"convo_id":"5ebd33a993092c654b5d1434","start_turn":5},{"convo_id":"5ebd309d625c9ebd5c9f631a","start_turn":5},{"convo_id":"5ebd33ea0536410a1494eba7","start_turn":3},{"convo_id":"5ebd345f599604b28097d3e5","start_turn":9},{"convo_id":"5ebd309e625c9ebd5c9f6329","start_turn":3},{"convo_id":"5ebd332ecebb1b56c4b1b7cc","start_turn":5},{"convo_id":"5ebd33eb0536410a1494ebb3","start_turn":9},{"convo_id":"5ebd3096625c9ebd5c9f62df","start_turn":9},{"convo_id":"5ebd345f599604b28097d3e6","start_turn":9},{"convo_id":"5ebd336b50870b22af64520c","start_turn":3},{"convo_id":"5ebd342bc0db0b3b9dc7e6ee","start_turn":9},{"convo_id":"5ebd309c625c9ebd5c9f6315","start_turn":5},{"convo_id":"5ebd33a893092c654b5d142a","start_turn":3},{"convo_id":"5ebd332ecebb1b56c4b1b7c6","start_turn":9},{"convo_id":"5ebd33ea0536410a1494ebae","start_turn":3},{"convo_id":"5ebd342ac0db0b3b9dc7e6e9","start_turn":5},{"convo_id":"5ebd332ecebb1b56c4b1b7ca","start_turn":9},{"convo_id":"5ebd332fcebb1b56c4b1b7d1","start_turn":9}]}
{"_id":{"$oid":"5ebd349532cd781ec913c80a"},"package":[{"convo_id":"5ebd3097625c9ebd5c9f62e3","start_turn":5},{"convo_id":"5ebd345f599604b28097d3e1","start_turn":3},{"convo_id":"5ebd336b50870b22af64520a","start_turn":3},{"convo_id":"5ebd309d625c9ebd5c9f631c","start_turn":5},{"convo_id":"5ebd336b50870b22af64520d","start_turn":3},{"convo_id":"5ebd33eb0536410a1494ebb1","start_turn":3},{"convo_id":"5ebd33e90536410a1494eba6","start_turn":5},{"convo_id":"5ebd33ea0536410a1494ebad","start_turn":9},{"convo_id":"5ebd332ecebb1b56c4b1b7c5","start_turn":9},{"convo_id":"5ebd342bc0db0b3b9dc7e6ed","start_turn":9},{"convo_id":"5ebd3099625c9ebd5c9f62f2","start_turn":9},{"convo_id":"5ebd3099625c9ebd5c9f62f4","start_turn":3},{"convo_id":"5ebd332fcebb1b56c4b1b7ce","start_turn":5},{"convo_id":"5ebd309e625c9ebd5c9f6327","start_turn":3},{"convo_id":"5ebd345f599604b28097d3e4","start_turn":9},{"convo_id":"5ebd33ea0536410a1494ebac","start_turn":5},{"convo_id":"5ebd33a993092c654b5d1435","start_turn":3},{"convo_id":"5ebd342ac0db0b3b9dc7e6ea","start_turn":5},{"convo_id":"5ebd33ea0536410a1494eba8","start_turn":9},{"convo_id":"5ebd332fcebb1b56c4b1b7cd","start_turn":9}]}
{"_id":{"$oid":"5ebd349532cd781ec913c80b"},"package":[{"convo_id":"5ebd309d625c9ebd5c9f6317","start_turn":3},{"convo_id":"5ebd336550870b22af645209","start_turn":3},{"convo_id":"5ebd3095625c9ebd5c9f62d7","start_turn":3},{"convo_id":"5ebd342ac0db0b3b9dc7e6e8","start_turn":5},{"convo_id":"5ebd336b50870b22af64520b","start_turn":5},{"convo_id":"5ebd345e599604b28097d3da","start_turn":9},{"convo_id":"5ebd345e599604b28097d3dd","start_turn":5},{"convo_id":"5ebd309d625c9ebd5c9f6319","start_turn":5},{"convo_id":"5ebd336c50870b22af645212","start_turn":9},{"convo_id":"5ebd342ac0db0b3b9dc7e6ec","start_turn":9},{"convo_id":"5ebd332fcebb1b56c4b1b7cf","start_turn":9},{"convo_id":"5ebd33a993092c654b5d142d","start_turn":3},{"convo_id":"5ebd342bc0db0b3b9dc7e6f0","start_turn":9},{"convo_id":"5ebd336b50870b22af64520e","start_turn":9},{"convo_id":"5ebd3095625c9ebd5c9f62d4","start_turn":5},{"convo_id":"5ebd336c50870b22af645217","start_turn":3},{"convo_id":"5ebd3459599604b28097d3d9","start_turn":5},{"convo_id":"5ebd309b625c9ebd5c9f6305","start_turn":9},{"convo_id":"5ebd336c50870b22af645211","start_turn":9},{"convo_id":"5ebd33a993092c654b5d1432","start_turn":9}]}
{"_id":{"$oid":"5ebd349532cd781ec913c80c"},"package":[{"convo_id":"5ebd309b625c9ebd5c9f630c","start_turn":5},{"convo_id":"5ebd309f625c9ebd5c9f6333","start_turn":9},{"convo_id":"5ebd3460599604b28097d3e7","start_turn":5},{"convo_id":"5ebd342ac0db0b3b9dc7e6e6","start_turn":3},{"convo_id":"5ebd33a993092c654b5d142e","start_turn":3},{"convo_id":"5ebd345e599604b28097d3db","start_turn":3},{"convo_id":"5ebd33eb0536410a1494ebb0","start_turn":5},{"convo_id":"5ebd33a893092c654b5d1429","start_turn":9},{"convo_id":"5ebd332ecebb1b56c4b1b7c9","start_turn":9},{"convo_id":"5ebd3096625c9ebd5c9f62dd","start_turn":9},{"convo_id":"5ebd33a993092c654b5d142f","start_turn":3},{"convo_id":"5ebd342ac0db0b3b9dc7e6eb","start_turn":9},{"convo_id":"5ebd33ea0536410a1494ebaa","start_turn":5},{"convo_id":"5ebd33ea0536410a1494eba9","start_turn":5},{"convo_id":"5ebd336b50870b22af645210","start_turn":5},{"convo_id":"5ebd342ac0db0b3b9dc7e6e3","start_turn":3},{"convo_id":"5ebd331acebb1b56c4b1b7c4","start_turn":3},{"convo_id":"5ebd3098625c9ebd5c9f62ed","start_turn":9},{"convo_id":"5ebd345f599604b28097d3e3","start_turn":9}]}
{"_id":{"$oid":"5ebd349532cd781ec913c80d"},"package":[{"convo_id":"5ebd33ea0536410a1494ebac","start_turn":9},{"convo_id":"5ebd33e90536410a1494eba6","start_turn":9},{"convo_id":"5ebd345f599604b28097d3de","start_turn":9},{"convo_id":"5ebd341dc0db0b3b9dc7e6e2","start_turn":9},{"convo_id":"5ebd33a993092c654b5d1432","start_turn":3},{"convo_id":"5ebd3097625c9ebd5c9f62e8","start_turn":3},{"convo_id":"5ebd345f599604b28097d3e0","start_turn":5},{"convo_id":"5ebd332ecebb1b56c4b1b7c7","start_turn":5},{"convo_id":"5ebd3459599604b28097d3d9","start_turn":3},{"convo_id":"5ebd3099625c9ebd5c9f62f4","start_turn":5},{"convo_id":"5ebd3098625c9ebd5c9f62ed","start_turn":3},{"convo_id":"5ebd309e625c9ebd5c9f6329","start_turn":5},{"convo_id":"5ebd336c50870b22af645215","start_turn":5},{"convo_id":"5ebd336b50870b22af64520d","start_turn":9},{"convo_id":"5ebd33ea0536410a1494eba9","start_turn":3},{"convo_id":"5ebd332ecebb1b56c4b1b7c8","start_turn":9},{"convo_id":"5ebd336b50870b22af64520b","start_turn":9},{"convo_id":"5ebd33a893092c654b5d142b","start_turn":5},{"convo_id":"5ebd336c50870b22af645211","start_turn":3}]}
{"_id":{"$oid":"5ebd349532cd781ec913c80e"},"package":[{"convo_id":"5ebd342ac0db0b3b9dc7e6eb","start_turn":5},{"convo_id":"5ebd345f599604b28097d3df","start_turn":9},{"convo_id":"5ebd342ac0db0b3b9dc7e6e4","start_turn":5},{"convo_id":"5ebd33ea0536410a1494ebab","start_turn":5},{"convo_id":"5ebd309e625c9ebd5c9f6323","start_turn":5},{"convo_id":"5ebd33a893092c654b5d1429","start_turn":5},{"convo_id":"5ebd336c50870b22af645214","start_turn":3},{"convo_id":"5ebd33ea0536410a1494ebae","start_turn":5},{"convo_id":"5ebd345e599604b28097d3dd","start_turn":3},{"convo_id":"5ebd342ac0db0b3b9dc7e6e9","start_turn":9},{"convo_id":"5ebd33ea0536410a1494eba7","start_turn":9},{"convo_id":"5ebd309a625c9ebd5c9f6301","start_turn":5},{"convo_id":"5ebd342ac0db0b3b9dc7e6ec","start_turn":5},{"convo_id":"5ebd3097625c9ebd5c9f62e2","start_turn":9},{"convo_id":"5ebd342ac0db0b3b9dc7e6e7","start_turn":3},{"convo_id":"5ebd342bc0db0b3b9dc7e6f0","start_turn":5},{"convo_id":"5ebd345f599604b28097d3e5","start_turn":5},{"convo_id":"5ebd332ecebb1b56c4b1b7cb","start_turn":3}]}
{"_id":{"$oid":"5ebd349532cd781ec913c80f"},"package":[{"convo_id":"5ebd336c50870b22af645212","start_turn":3},{"convo_id":"5ebd332fcebb1b56c4b1b7d0","start_turn":5},{"convo_id":"5ebd342ac0db0b3b9dc7e6e8","start_turn":9},{"convo_id":"5ebd309b625c9ebd5c9f630b","start_turn":3},{"convo_id":"5ebd309b625c9ebd5c9f6305","start_turn":3},{"convo_id":"5ebd33a993092c654b5d142d","start_turn":5},{"convo_id":"5ebd336c50870b22af645213","start_turn":3},{"convo_id":"5ebd33eb0536410a1494ebb3","start_turn":5},{"convo_id":"5ebd33a993092c654b5d1431","start_turn":5},{"convo_id":"5ebd332fcebb1b56c4b1b7cd","start_turn":3},{"convo_id":"5ebd309a625c9ebd5c9f62fd","start_turn":5},{"convo_id":"5ebd332ecebb1b56c4b1b7ca","start_turn":3},{"convo_id":"5ebd33a993092c654b5d142e","start_turn":5},{"convo_id":"5ebd33a493092c654b5d1427","start_turn":9},{"convo_id":"5ebd309d625c9ebd5c9f631a","start_turn":3},{"convo_id":"5ebd345f599604b28097d3e6","start_turn":5},{"convo_id":"5ebd309e625c9ebd5c9f6321","start_turn":3},{"convo_id":"5ebd342ac0db0b3b9dc7e6e3","start_turn":5},{"convo_id":"5ebd33a893092c654b5d142c","start_turn":3},{"convo_id":"5ebd342bc0db0b3b9dc7e6ed","start_turn":5}]}
{"_id":{"$oid":"5ebd349532cd781ec913c810"},"package":[{"convo_id":"5ebd336c50870b22af645217","start_turn":5},{"convo_id":"5ebd309b625c9ebd5c9f6306","start_turn":5},{"convo_id":"5ebd332ecebb1b56c4b1b7cc","start_turn":9},{"convo_id":"5ebd3096625c9ebd5c9f62df","start_turn":3},{"convo_id":"5ebd33ea0536410a1494ebaf","start_turn":3},{"convo_id":"5ebd345e599604b28097d3db","start_turn":5},{"convo_id":"5ebd3097625c9ebd5c9f62e4","start_turn":9},{"convo_id":"5ebd332ecebb1b56c4b1b7c6","start_turn":5},{"convo_id":"5ebd336b50870b22af64520a","start_turn":5},{"convo_id":"5ebd33a993092c654b5d142f","start_turn":9},{"convo_id":"5ebd345f599604b28097d3e2","start_turn":5},{"convo_id":"5ebd345f599604b28097d3e3","start_turn":3},{"convo_id":"5ebd33ea0536410a1494eba8","start_turn":3},{"convo_id":"5ebd309c625c9ebd5c9f6315","start_turn":9},{"convo_id":"5ebd332ecebb1b56c4b1b7c9","start_turn":3},{"convo_id":"5ebd342ac0db0b3b9dc7e6e6","start_turn":5},{"convo_id":"5ebd309e625c9ebd5c9f6327","start_turn":5},{"convo_id":"5ebd33a993092c654b5d1434","start_turn":3},{"convo_id":"5ebd336b50870b22af64520c","start_turn":5},{"convo_id":"5ebd342bc0db0b3b9dc7e6ee","start_turn":5}]}
{"_id":{"$oid":"5ebd349532cd781ec913c811"},"package":[{"convo_id":"5ebd336b50870b22af64520e","start_turn":3},{"convo_id":"5ebd309b625c9ebd5c9f6307","start_turn":5},{"convo_id":"5ebd309f625c9ebd5c9f6333","start_turn":5},{"convo_id":"5ebd3097625c9ebd5c9f62e3","start_turn":9},{"convo_id":"5ebd336b50870b22af645210","start_turn":9},{"convo_id":"5ebd336550870b22af645209","start_turn":5},{"convo_id":"5ebd336b50870b22af64520f","start_turn":3},{"convo_id":"5ebd33eb0536410a1494ebb1","start_turn":9},{"convo_id":"5ebd332fcebb1b56c4b1b7d1","start_turn":3},{"convo_id":"5ebd345f599604b28097d3e1","start_turn":9},{"convo_id":"5ebd33a893092c654b5d1428","start_turn":9},{"convo_id":"5ebd33a993092c654b5d1430","start_turn":3},{"convo_id":"5ebd309d625c9ebd5c9f6317","start_turn":9},{"convo_id":"5ebd309d625c9ebd5c9f6319","start_turn":3},{"convo_id":"5ebd345f599604b28097d3e4","start_turn":5},{"convo_id":"5ebd342bc0db0b3b9dc7e6ef","start_turn":3},{"convo_id":"5ebd332fcebb1b56c4b1b7d2","start_turn":9},{"convo_id":"5ebd33a993092c654b5d1435","start_turn":9},{"convo_id":"5ebd3460599604b28097d3e7","start_turn":3},{"convo_id":"5ebd345e599604b28097d3dc","start_turn":9}]}
{"_id":{"$oid":"5ebd349532cd781ec913c812"},"package":[{"convo_id":"5ebd342ac0db0b3b9dc7e6ea","start_turn":3},{"convo_id":"5ebd331acebb1b56c4b1b7c4","start_turn":5},{"convo_id":"5ebd3096625c9ebd5c9f62dd","start_turn":3},{"convo_id":"5ebd33a993092c654b5d1433","start_turn":5},{"convo_id":"5ebd309d625c9ebd5c9f631c","start_turn":3},{"convo_id":"5ebd332ecebb1b56c4b1b7c5","start_turn":3},{"convo_id":"5ebd3099625c9ebd5c9f62f2","start_turn":5},{"convo_id":"5ebd33a893092c654b5d142a","start_turn":9},{"convo_id":"5ebd332fcebb1b56c4b1b7cf","start_turn":3},{"convo_id":"5ebd336c50870b22af645216","start_turn":3},{"convo_id":"5ebd3095625c9ebd5c9f62d5","start_turn":5},{"convo_id":"5ebd33eb0536410a1494ebb0","start_turn":9},{"convo_id":"5ebd33ea0536410a1494ebad","start_turn":5},{"convo_id":"5ebd33db0536410a1494eba5","start_turn":5},{"convo_id":"5ebd33eb0536410a1494ebb2","start_turn":3},{"convo_id":"5ebd33ea0536410a1494ebaa","start_turn":9},{"convo_id":"5ebd3095625c9ebd5c9f62d7","start_turn":5},{"convo_id":"5ebd342ac0db0b3b9dc7e6e5","start_turn":3},{"convo_id":"5ebd332fcebb1b56c4b1b7ce","start_turn":9},{"convo_id":"5ebd345e599604b28097d3da","start_turn":3}]}
{"_id":{"$oid":"5ebd363a673dabd0294df20b"},"package":[{"convo_id":"5ebd34cc5603b64e43f2ad8a","start_turn":3},{"convo_id":"5ebd34cd5603b64e43f2ad8f","start_turn":5},{"convo_id":"5ebd30d3580eee6a2eb882e0","start_turn":3},{"convo_id":"5ebd35f19f8dc0f3cc211260","start_turn":3},{"convo_id":"5ebd30d5580eee6a2eb882fb","start_turn":5},{"convo_id":"5ebd34cd5603b64e43f2ad90","start_turn":9},{"convo_id":"5ebd35a47c8bf3e4ca59db3c","start_turn":9},{"convo_id":"5ebd35497df9c21e064cbdf3","start_turn":5},{"convo_id":"5ebd3512c44f6806a0a0e310","start_turn":5},{"convo_id":"5ebd30d5580eee6a2eb882f2","start_turn":3},{"convo_id":"5ebd35f09f8dc0f3cc21125d","start_turn":5},{"convo_id":"5ebd3511c44f6806a0a0e30e","start_turn":9},{"convo_id":"5ebd34cf5603b64e43f2ad96","start_turn":5},{"convo_id":"5ebd35547df9c21e064cbdfd","start_turn":9},{"convo_id":"5ebd35f19f8dc0f3cc211262","start_turn":9},{"convo_id":"5ebd35f39f8dc0f3cc21126a","start_turn":5},{"convo_id":"5ebd35557df9c21e064cbe00","start_turn":9},{"convo_id":"5ebd30d1580eee6a2eb882d0","start_turn":9},{"convo_id":"5ebd35a47c8bf3e4ca59db3a","start_turn":3}]}
{"_id":{"$oid":"5ebd363a673dabd0294df20c"},"package":[{"convo_id":"5ebd35a57c8bf3e4ca59db40","start_turn":5},{"convo_id":"5ebd35537df9c21e064cbdf6","start_turn":5},{"convo_id":"5ebd35a47c8bf3e4ca59db3e","start_turn":5},{"convo_id":"5ebd30d0580eee6a2eb882c6","start_turn":3},{"convo_id":"5ebd35a57c8bf3e4ca59db43","start_turn":5},{"convo_id":"5ebd30d5580eee6a2eb882fa","start_turn":9},{"convo_id":"5ebd3506c44f6806a0a0e30a","start_turn":9},{"convo_id":"5ebd35a67c8bf3e4ca59db46","start_turn":5},{"convo_id":"5ebd30d4580eee6a2eb882ee","start_turn":3},{"convo_id":"5ebd362dcce9a871d67a7291","start_turn":9},{"convo_id":"5ebd30d0580eee6a2eb882c3","start_turn":3},{"convo_id":"5ebd35547df9c21e064cbdfc","start_turn":9},{"convo_id":"5ebd35557df9c21e064cbe01","start_turn":3},{"convo_id":"5ebd35a57c8bf3e4ca59db42","start_turn":5},{"convo_id":"5ebd35f29f8dc0f3cc211268","start_turn":5},{"convo_id":"5ebd34cc5603b64e43f2ad8b","start_turn":5},{"convo_id":"5ebd35a37c8bf3e4ca59db39","start_turn":3},{"convo_id":"5ebd362ccce9a871d67a728c","start_turn":9},{"convo_id":"5ebd35d99f8dc0f3cc21125c","start_turn":9},{"convo_id":"5ebd30d5580eee6a2eb882fc","start_turn":9}]}
{"_id":{"$oid":"5ebd363a673dabd0294df20d"},"package":[{"convo_id":"5ebd3512c44f6806a0a0e311","start_turn":5},{"convo_id":"5ebd362dcce9a871d67a7290","start_turn":5},{"convo_id":"5ebd30ce580eee6a2eb882ad","start_turn":5},{"convo_id":"5ebd35f29f8dc0f3cc211265","start_turn":3},{"convo_id":"5ebd35f19f8dc0f3cc211261","start_turn":5},{"convo_id":"5ebd362bcce9a871d67a7286","start_turn":5},{"convo_id":"5ebd30d1580eee6a2eb882cf","start_turn":5},{"convo_id":"5ebd3510c44f6806a0a0e30b","start_turn":9},{"convo_id":"5ebd362bcce9a871d67a7288","start_turn":9},{"convo_id":"5ebd34cf5603b64e43f2ad97","start_turn":3},{"convo_id":"5ebd35a67c8bf3e4ca59db45","start_turn":3},{"convo_id":"5ebd30cf580eee6a2eb882b9","start_turn":5},{"convo_id":"5ebd35547df9c21e064cbdf9","start_turn":9},{"convo_id":"5ebd30d5580eee6a2eb882f5","start_turn":3},{"convo_id":"5ebd30d5580eee6a2eb882f7","start_turn":3},{"convo_id":"5ebd35a57c8bf3e4ca59db3f","start_turn":3},{"convo_id":"5ebd35557df9c21e064cbdfe","start_turn":5},{"convo_id":"5ebd35537df9c21e064cbdf7","start_turn":5},{"convo_id":"5ebd34cd5603b64e43f2ad8e","start_turn":5},{"convo_id":"5ebd35547df9c21e064cbdfa","start_turn":9}]}
{"_id":{"$oid":"5ebd363a673dabd0294df20e"},"package":[{"convo_id":"5ebd3512c44f6806a0a0e312","start_turn":5},{"convo_id":"5ebd35f19f8dc0f3cc211263","start_turn":3},{"convo_id":"5ebd3513c44f6806a0a0e315","start_turn":3},{"convo_id":"5ebd35f39f8dc0f3cc211269","start_turn":9},{"convo_id":"5ebd30ce580eee6a2eb882b1","start_turn":5},{"convo_id":"5ebd30d0580eee6a2eb882c4","start_turn":5},{"convo_id":"5ebd35f19f8dc0f3cc21125f","start_turn":3},{"convo_id":"5ebd362ccce9a871d67a728f","start_turn":3},{"convo_id":"5ebd3512c44f6806a0a0e314","start_turn":3},{"convo_id":"5ebd35887c8bf3e4ca59db38","start_turn":9},{"convo_id":"5ebd35a47c8bf3e4ca59db3d","start_turn":3},{"convo_id":"5ebd3622cce9a871d67a7284","start_turn":5},{"convo_id":"5ebd362acce9a871d67a7285","start_turn":3},{"convo_id":"5ebd34ce5603b64e43f2ad92","start_turn":9},{"convo_id":"5ebd362dcce9a871d67a7292","start_turn":3},{"convo_id":"5ebd3513c44f6806a0a0e317","start_turn":5},{"convo_id":"5ebd30d5580eee6a2eb882f3","start_turn":5},{"convo_id":"5ebd35f29f8dc0f3cc211264","start_turn":5}]}
{"_id":{"$oid":"5ebd363a673dabd0294df20f"},"package":[{"convo_id":"5ebd35f19f8dc0f3cc21125e","start_turn":3},{"convo_id":"5ebd3513c44f6806a0a0e316","start_turn":3},{"convo_id":"5ebd34ce5603b64e43f2ad93","start_turn":9},{"convo_id":"5ebd3511c44f6806a0a0e30d","start_turn":3},{"convo_id":"5ebd34cd5603b64e43f2ad8c","start_turn":5},{"convo_id":"5ebd30d6580eee6a2eb88303","start_turn":5},{"convo_id":"5ebd35547df9c21e064cbdfb","start_turn":3},{"convo_id":"5ebd35537df9c21e064cbdf8","start_turn":5},{"convo_id":"5ebd30cd580eee6a2eb882a8","start_turn":3},{"convo_id":"5ebd35a57c8bf3e4ca59db41","start_turn":5},{"convo_id":"5ebd35f29f8dc0f3cc211267","start_turn":3},{"convo_id":"5ebd34ce5603b64e43f2ad95","start_turn":3},{"convo_id":"5ebd35a57c8bf3e4ca59db44","start_turn":3},{"convo_id":"5ebd35537df9c21e064cbdf4","start_turn":3},{"convo_id":"5ebd35a47c8bf3e4ca59db3b","start_turn":5},{"convo_id":"5ebd362bcce9a871d67a7287","start_turn":3},{"convo_id":"5ebd362bcce9a871d67a728a","start_turn":3},{"convo_id":"5ebd30d3580eee6a2eb882dd","start_turn":3}]}
{"_id":{"$oid":"5ebd363a673dabd0294df210"},"package":[{"convo_id":"5ebd35f29f8dc0f3cc211266","start_turn":9},{"convo_id":"5ebd34ce5603b64e43f2ad94","start_turn":9},{"convo_id":"5ebd362ccce9a871d67a728d","start_turn":3},{"convo_id":"5ebd3513c44f6806a0a0e318","start_turn":9},{"convo_id":"5ebd362bcce9a871d67a7289","start_turn":5},{"convo_id":"5ebd30cd580eee6a2eb882ab","start_turn":5},{"convo_id":"5ebd30d0580eee6a2eb882c0","start_turn":5},{"convo_id":"5ebd34cd5603b64e43f2ad8d","start_turn":5},{"convo_id":"5ebd35557df9c21e064cbdff","start_turn":5},{"convo_id":"5ebd3512c44f6806a0a0e313","start_turn":3},{"convo_id":"5ebd34b05603b64e43f2ad89","start_turn":3},{"convo_id":"5ebd362ccce9a871d67a728e","start_turn":5},{"convo_id":"5ebd362ccce9a871d67a728b","start_turn":9},{"convo_id":"5ebd30cd580eee6a2eb882a4","start_turn":9},{"convo_id":"5ebd34ce5603b64e43f2ad91","start_turn":9},{"convo_id":"5ebd30ce580eee6a2eb882ac","start_turn":5},{"convo_id":"5ebd30d6580eee6a2eb88301","start_turn":3},{"convo_id":"5ebd35537df9c21e064cbdf5","start_turn":5},{"convo_id":"5ebd3511c44f6806a0a0e30c","start_turn":3},{"convo_id":"5ebd3511c44f6806a0a0e30f","start_turn":5}]}
{"_id":{"$oid":"5ebd363a673dabd0294df211"},"package":[{"convo_id":"5ebd35f39f8dc0f3cc211269","start_turn":3},{"convo_id":"5ebd35537df9c21e064cbdf5","start_turn":9},{"convo_id":"5ebd362dcce9a871d67a7290","start_turn":9},{"convo_id":"5ebd362bcce9a871d67a7289","start_turn":3},{"convo_id":"5ebd30d5580eee6a2eb882f3","start_turn":3},{"convo_id":"5ebd35887c8bf3e4ca59db38","start_turn":5},{"convo_id":"5ebd35537df9c21e064cbdf4","start_turn":9},{"convo_id":"5ebd362dcce9a871d67a7292","start_turn":9},{"convo_id":"5ebd30ce580eee6a2eb882ac","start_turn":9},{"convo_id":"5ebd362bcce9a871d67a7286","start_turn":3},{"convo_id":"5ebd3511c44f6806a0a0e30f","start_turn":9},{"convo_id":"5ebd30d0580eee6a2eb882c0","start_turn":9},{"convo_id":"5ebd35547df9c21e064cbdfa","start_turn":5},{"convo_id":"5ebd3622cce9a871d67a7284","start_turn":9},{"convo_id":"5ebd35a57c8bf3e4ca59db41","start_turn":9},{"convo_id":"5ebd35547df9c21e064cbdfb","start_turn":9},{"convo_id":"5ebd3512c44f6806a0a0e310","start_turn":9},{"convo_id":"5ebd30d3580eee6a2eb882dd","start_turn":9},{"convo_id":"5ebd30d6580eee6a2eb88303","start_turn":9},{"convo_id":"5ebd35557df9c21e064cbe01","start_turn":9}]}
{"_id":{"$oid":"5ebd363a673dabd0294df212"},"package":[{"convo_id":"5ebd35f19f8dc0f3cc211263","start_turn":5},{"convo_id":"5ebd30d2580eee6a2eb882d8","start_turn":5},{"convo_id":"5ebd34ce5603b64e43f2ad93","start_turn":3},{"convo_id":"5ebd35a57c8bf3e4ca59db42","start_turn":9},{"convo_id":"5ebd35f29f8dc0f3cc211264","start_turn":9},{"convo_id":"5ebd30d6580eee6a2eb88301","start_turn":5},{"convo_id":"5ebd34b05603b64e43f2ad89","start_turn":9},{"convo_id":"5ebd35a47c8bf3e4ca59db3a","start_turn":9},{"convo_id":"5ebd362ccce9a871d67a728d","start_turn":9},{"convo_id":"5ebd3512c44f6806a0a0e314","start_turn":5},{"convo_id":"5ebd35a67c8bf3e4ca59db45","start_turn":9},{"convo_id":"5ebd3506c44f6806a0a0e30a","start_turn":3},{"convo_id":"5ebd35f09f8dc0f3cc21125d","start_turn":9},{"convo_id":"5ebd35d99f8dc0f3cc21125c","start_turn":5},{"convo_id":"5ebd35547df9c21e064cbdfd","start_turn":5},{"convo_id":"5ebd30cd580eee6a2eb882a9","start_turn":5},{"convo_id":"5ebd34cc5603b64e43f2ad8a","start_turn":9},{"convo_id":"5ebd34cd5603b64e43f2ad8f","start_turn":3}]}
{"_id":{"$oid":"5ebd363a673dabd0294df213"},"package":[{"convo_id":"5ebd34cf5603b64e43f2ad97","start_turn":9},{"convo_id":"5ebd30cd580eee6a2eb882a4","start_turn":5},{"convo_id":"5ebd35f19f8dc0f3cc211260","start_turn":5},{"convo_id":"5ebd34ce5603b64e43f2ad95","start_turn":5},{"convo_id":"5ebd35f19f8dc0f3cc211261","start_turn":3},{"convo_id":"5ebd34cd5603b64e43f2ad90","start_turn":5},{"convo_id":"5ebd35a67c8bf3e4ca59db46","start_turn":3},{"convo_id":"5ebd30d5580eee6a2eb882fc","start_turn":3},{"convo_id":"5ebd35f29f8dc0f3cc211267","start_turn":9},{"convo_id":"5ebd35f29f8dc0f3cc211265","start_turn":9},{"convo_id":"5ebd34cc5603b64e43f2ad8b","start_turn":9},{"convo_id":"5ebd35f39f8dc0f3cc21126a","start_turn":3},{"convo_id":"5ebd30d0580eee6a2eb882c6","start_turn":5},{"convo_id":"5ebd3512c44f6806a0a0e312","start_turn":3},{"convo_id":"5ebd3511c44f6806a0a0e30d","start_turn":9},{"convo_id":"5ebd30d5580eee6a2eb882f4","start_turn":5},{"convo_id":"5ebd362bcce9a871d67a728a","start_turn":9},{"convo_id":"5ebd35a57c8bf3e4ca59db43","start_turn":3},{"convo_id":"5ebd35f19f8dc0f3cc21125f","start_turn":5}]}
{"_id":{"$oid":"5ebd363a673dabd0294df214"},"package":[{"convo_id":"5ebd35557df9c21e064cbdfe","start_turn":9},{"convo_id":"5ebd35537df9c21e064cbdf8","start_turn":3},{"convo_id":"5ebd30d5580eee6a2eb882f2","start_turn":9},{"convo_id":"5ebd3510c44f6806a0a0e30b","start_turn":5},{"convo_id":"5ebd34cd5603b64e43f2ad8c","start_turn":3},{"convo_id":"5ebd30cd580eee6a2eb882ab","start_turn":3},{"convo_id":"5ebd362ccce9a871d67a728c","start_turn":5},{"convo_id":"5ebd35547df9c21e064cbdfc","start_turn":3},{"convo_id":"5ebd34cf5603b64e43f2ad96","start_turn":9},{"convo_id":"5ebd3513c44f6806a0a0e315","start_turn":5},{"convo_id":"5ebd30ce580eee6a2eb882b1","start_turn":3},{"convo_id":"5ebd35a47c8bf3e4ca59db3d","start_turn":9},{"convo_id":"5ebd34cd5603b64e43f2ad8e","start_turn":3},{"convo_id":"5ebd35a47c8bf3e4ca59db3b","start_turn":9},{"convo_id":"5ebd30d1580eee6a2eb882d3","start_turn":3},{"convo_id":"5ebd34ce5603b64e43f2ad92","start_turn":3},{"convo_id":"5ebd35547df9c21e064cbdf9","start_turn":3},{"convo_id":"5ebd35557df9c21e064cbe00","start_turn":3},{"convo_id":"5ebd35a47c8bf3e4ca59db3e","start_turn":9}]}
{"_id":{"$oid":"5ebd363a673dabd0294df215"},"package":[{"convo_id":"5ebd362acce9a871d67a7285","start_turn":9},{"convo_id":"5ebd3513c44f6806a0a0e317","start_turn":9},{"convo_id":"5ebd34cd5603b64e43f2ad8d","start_turn":9},{"convo_id":"5ebd35a57c8bf3e4ca59db40","start_turn":9},{"convo_id":"5ebd3513c44f6806a0a0e316","start_turn":5},{"convo_id":"5ebd362ccce9a871d67a728f","start_turn":5},{"convo_id":"5ebd30d1580eee6a2eb882cf","start_turn":3},{"convo_id":"5ebd3512c44f6806a0a0e311","start_turn":9},{"convo_id":"5ebd3513c44f6806a0a0e318","start_turn":5},{"convo_id":"5ebd35537df9c21e064cbdf6","start_turn":9},{"convo_id":"5ebd362dcce9a871d67a7291","start_turn":3},{"convo_id":"5ebd34ce5603b64e43f2ad91","start_turn":3},{"convo_id":"5ebd35f19f8dc0f3cc21125e","start_turn":9},{"convo_id":"5ebd30d2580eee6a2eb882d6","start_turn":3},{"convo_id":"5ebd35a47c8bf3e4ca59db3c","start_turn":5},{"convo_id":"5ebd34ce5603b64e43f2ad94","start_turn":5},{"convo_id":"5ebd3512c44f6806a0a0e313","start_turn":9},{"convo_id":"5ebd30d1580eee6a2eb882d0","start_turn":5}]}
{"_id":{"$oid":"5ebd363a673dabd0294df216"},"package":[{"convo_id":"5ebd35f29f8dc0f3cc211268","start_turn":3},{"convo_id":"5ebd35a57c8bf3e4ca59db3f","start_turn":5},{"convo_id":"5ebd30d5580eee6a2eb882fa","start_turn":3},{"convo_id":"5ebd30d0580eee6a2eb882c4","start_turn":9},{"convo_id":"5ebd35497df9c21e064cbdf3","start_turn":3},{"convo_id":"5ebd3511c44f6806a0a0e30e","start_turn":3},{"convo_id":"5ebd35537df9c21e064cbdf7","start_turn":3},{"convo_id":"5ebd30d5580eee6a2eb882f5","start_turn":9},{"convo_id":"5ebd35a37c8bf3e4ca59db39","start_turn":9},{"convo_id":"5ebd35f29f8dc0f3cc211266","start_turn":3},{"convo_id":"5ebd35a57c8bf3e4ca59db44","start_turn":5},{"convo_id":"5ebd362bcce9a871d67a7288","start_turn":3},{"convo_id":"5ebd362bcce9a871d67a7287","start_turn":5},{"convo_id":"5ebd30cd580eee6a2eb882a8","start_turn":5},{"convo_id":"5ebd362ccce9a871d67a728e","start_turn":9},{"convo_id":"5ebd35f19f8dc0f3cc211262","start_turn":5},{"convo_id":"5ebd35557df9c21e064cbdff","start_turn":9},{"convo_id":"5ebd362ccce9a871d67a728b","start_turn":3},{"convo_id":"5ebd3511c44f6806a0a0e30c","start_turn":5}]}
{"_id":{"$oid":"5ebd363a673dabd0294df217"},"package":[{"convo_id":"5ebd35a37c8bf3e4ca59db39","start_turn":5},{"convo_id":"5ebd34cc5603b64e43f2ad8a","start_turn":5},{"convo_id":"5ebd35f29f8dc0f3cc211264","start_turn":3},{"convo_id":"5ebd35547df9c21e064cbdf9","start_turn":5},{"convo_id":"5ebd35547df9c21e064cbdfc","start_turn":5},{"convo_id":"5ebd30cd580eee6a2eb882a4","start_turn":3},{"convo_id":"5ebd34ce5603b64e43f2ad94","start_turn":3},{"convo_id":"5ebd35f19f8dc0f3cc211262","start_turn":3},{"convo_id":"5ebd30d0580eee6a2eb882c0","start_turn":3},{"convo_id":"5ebd35f19f8dc0f3cc21125e","start_turn":5},{"convo_id":"5ebd35537df9c21e064cbdf5","start_turn":3},{"convo_id":"5ebd34cd5603b64e43f2ad8d","start_turn":3},{"convo_id":"5ebd362bcce9a871d67a7288","start_turn":5},{"convo_id":"5ebd35537df9c21e064cbdf4","start_turn":5},{"convo_id":"5ebd35537df9c21e064cbdf8","start_turn":9},{"convo_id":"5ebd30d4580eee6a2eb882ee","start_turn":5},{"convo_id":"5ebd30cd580eee6a2eb882ab","start_turn":9},{"convo_id":"5ebd3513c44f6806a0a0e317","start_turn":3},{"convo_id":"5ebd35a47c8bf3e4ca59db3e","start_turn":3}]}
{"_id":{"$oid":"5ebd363a673dabd0294df218"},"package":[{"convo_id":"5ebd34ce5603b64e43f2ad93","start_turn":5},{"convo_id":"5ebd30d5580eee6a2eb882fc","start_turn":5},{"convo_id":"5ebd30d5580eee6a2eb882f2","start_turn":5},{"convo_id":"5ebd34cd5603b64e43f2ad8e","start_turn":9},{"convo_id":"5ebd35537df9c21e064cbdf7","start_turn":9},{"convo_id":"5ebd30d5580eee6a2eb882f5","start_turn":5},{"convo_id":"5ebd34cd5603b64e43f2ad8f","start_turn":9},{"convo_id":"5ebd35a57c8bf3e4ca59db43","start_turn":9},{"convo_id":"5ebd362bcce9a871d67a7286","start_turn":9},{"convo_id":"5ebd35f29f8dc0f3cc211266","start_turn":5},{"convo_id":"5ebd34ce5603b64e43f2ad92","start_turn":5},{"convo_id":"5ebd34ce5603b64e43f2ad91","start_turn":5},{"convo_id":"5ebd3513c44f6806a0a0e316","start_turn":9},{"convo_id":"5ebd35a47c8bf3e4ca59db3d","start_turn":5},{"convo_id":"5ebd3512c44f6806a0a0e310","start_turn":3},{"convo_id":"5ebd35557df9c21e064cbdff","start_turn":3},{"convo_id":"5ebd30d5580eee6a2eb882fa","start_turn":5},{"convo_id":"5ebd3510c44f6806a0a0e30b","start_turn":3},{"convo_id":"5ebd362dcce9a871d67a7290","start_turn":3}]}
{"_id":{"$oid":"5ebd363a673dabd0294df219"},"package":[{"convo_id":"5ebd35547df9c21e064cbdfd","start_turn":3},{"convo_id":"5ebd35557df9c21e064cbdfe","start_turn":3},{"convo_id":"5ebd362ccce9a871d67a728e","start_turn":3},{"convo_id":"5ebd362bcce9a871d67a7289","start_turn":9},{"convo_id":"5ebd3511c44f6806a0a0e30d","start_turn":5},{"convo_id":"5ebd35f39f8dc0f3cc21126a","start_turn":9},{"convo_id":"5ebd30d0580eee6a2eb882c6","start_turn":9},{"convo_id":"5ebd3622cce9a871d67a7284","start_turn":3},{"convo_id":"5ebd35f19f8dc0f3cc211261","start_turn":9},{"convo_id":"5ebd35f19f8dc0f3cc211263","start_turn":9},{"convo_id":"5ebd35a57c8bf3e4ca59db3f","start_turn":9},{"convo_id":"5ebd30d2580eee6a2eb882d8","start_turn":3},{"convo_id":"5ebd30d3580eee6a2eb882dd","start_turn":5},{"convo_id":"5ebd362bcce9a871d67a7287","start_turn":9},{"convo_id":"5ebd34cc5603b64e43f2ad8b","start_turn":3},{"convo_id":"5ebd35557df9c21e064cbe00","start_turn":5},{"convo_id":"5ebd30d1580eee6a2eb882cf","start_turn":9},{"convo_id":"5ebd35537df9c21e064cbdf6","start_turn":3},{"convo_id":"5ebd35f39f8dc0f3cc211269","start_turn":5}]}
{"_id":{"$oid":"5ebd363b673dabd0294df21a"},"package":[{"convo_id":"5ebd34cf5603b64e43f2ad96","start_turn":3},{"convo_id":"5ebd30d1580eee6a2eb882d0","start_turn":3},{"convo_id":"5ebd35a57c8bf3e4ca59db44","start_turn":9},{"convo_id":"5ebd362ccce9a871d67a728f","start_turn":9},{"convo_id":"5ebd35a67c8bf3e4ca59db45","start_turn":5},{"convo_id":"5ebd30d5580eee6a2eb882f7","start_turn":5},{"convo_id":"5ebd362dcce9a871d67a7291","start_turn":5},{"convo_id":"5ebd35a47c8bf3e4ca59db3b","start_turn":3},{"convo_id":"5ebd30d5580eee6a2eb882f4","start_turn":3},{"convo_id":"5ebd362acce9a871d67a7285","start_turn":5},{"convo_id":"5ebd35f29f8dc0f3cc211267","start_turn":5},{"convo_id":"5ebd3506c44f6806a0a0e30a","start_turn":5},{"convo_id":"5ebd35a57c8bf3e4ca59db41","start_turn":3},{"convo_id":"5ebd35557df9c21e064cbe01","start_turn":5},{"convo_id":"5ebd3511c44f6806a0a0e30e","start_turn":5},{"convo_id":"5ebd3513c44f6806a0a0e315","start_turn":9},{"convo_id":"5ebd35f29f8dc0f3cc211268","start_turn":9},{"convo_id":"5ebd30d3580eee6a2eb882e0","start_turn":5},{"convo_id":"5ebd30ce580eee6a2eb882ac","start_turn":3},{"convo_id":"5ebd3511c44f6806a0a0e30f","start_turn":3}]}
{"_id":{"$oid":"5ebd363b673dabd0294df21b"},"package":[{"convo_id":"5ebd35497df9c21e064cbdf3","start_turn":9},{"convo_id":"5ebd362bcce9a871d67a728a","start_turn":5},{"convo_id":"5ebd34cd5603b64e43f2ad8c","start_turn":9},{"convo_id":"5ebd35887c8bf3e4ca59db38","start_turn":3},{"convo_id":"5ebd30d0580eee6a2eb882c4","start_turn":3},{"convo_id":"5ebd35f29f8dc0f3cc211265","start_turn":5},{"convo_id":"5ebd30d6580eee6a2eb88303","start_turn":3},{"convo_id":"5ebd35547df9c21e064cbdfb","start_turn":5},{"convo_id":"5ebd35f19f8dc0f3cc211260","start_turn":9},{"convo_id":"5ebd35d99f8dc0f3cc21125c","start_turn":3},{"convo_id":"5ebd3512c44f6806a0a0e311","start_turn":3},{"convo_id":"5ebd35a47c8bf3e4ca59db3c","start_turn":3},{"convo_id":"5ebd35a47c8bf3e4ca59db3a","start_turn":5},{"convo_id":"5ebd30cf580eee6a2eb882b9","start_turn":3},{"convo_id":"5ebd30d1580eee6a2eb882d3","start_turn":5},{"convo_id":"5ebd3511c44f6806a0a0e30c","start_turn":9},{"convo_id":"5ebd30d0580eee6a2eb882c3","start_turn":5},{"convo_id":"5ebd35a57c8bf3e4ca59db40","start_turn":3},{"convo_id":"5ebd3513c44f6806a0a0e318","start_turn":3},{"convo_id":"5ebd34cf5603b64e43f2ad97","start_turn":5}]}
{"_id":{"$oid":"5ebd363b673dabd0294df21c"},"package":[{"convo_id":"5ebd35a67c8bf3e4ca59db46","start_turn":9},{"convo_id":"5ebd34b05603b64e43f2ad89","start_turn":5},{"convo_id":"5ebd35a57c8bf3e4ca59db42","start_turn":3},{"convo_id":"5ebd34ce5603b64e43f2ad95","start_turn":9},{"convo_id":"5ebd35f09f8dc0f3cc21125d","start_turn":3},{"convo_id":"5ebd30cd580eee6a2eb882a8","start_turn":9},{"convo_id":"5ebd30d5580eee6a2eb882fb","start_turn":3},{"convo_id":"5ebd362ccce9a871d67a728d","start_turn":5},{"convo_id":"5ebd3512c44f6806a0a0e313","start_turn":5},{"convo_id":"5ebd3512c44f6806a0a0e314","start_turn":9},{"convo_id":"5ebd30ce580eee6a2eb882ad","start_turn":3},{"convo_id":"5ebd362ccce9a871d67a728c","start_turn":3},{"convo_id":"5ebd3512c44f6806a0a0e312","start_turn":9},{"convo_id":"5ebd30cd580eee6a2eb882a9","start_turn":3},{"convo_id":"5ebd35547df9c21e064cbdfa","start_turn":3},{"convo_id":"5ebd362dcce9a871d67a7292","start_turn":5},{"convo_id":"5ebd35f19f8dc0f3cc21125f","start_turn":9},{"convo_id":"5ebd30d2580eee6a2eb882d6","start_turn":5},{"convo_id":"5ebd362ccce9a871d67a728b","start_turn":5},{"convo_id":"5ebd34cd5603b64e43f2ad90","start_turn":3}]}
{"_id":{"$oid":"5ebd37fcfadcffcba42f7080"},"package":[{"convo_id":"5ebd36a630f2a6d856c25867","start_turn":5},{"convo_id":"5ebd37b48b2f8a114e7e3428","start_turn":9},{"convo_id":"5ebd30f38dfae0df4d8863e5","start_turn":9},{"convo_id":"5ebd377112b108adac91f329","start_turn":3},{"convo_id":"5ebd37a48b2f8a114e7e341f","start_turn":9},{"convo_id":"5ebd36e73f73de60874a9c62","start_turn":3},{"convo_id":"5ebd36a630f2a6d856c25864","start_turn":9},{"convo_id":"5ebd377112b108adac91f327","start_turn":9},{"convo_id":"5ebd37e52bd37088499c6c02","start_turn":9},{"convo_id":"5ebd36a730f2a6d856c2586e","start_turn":9},{"convo_id":"5ebd36a830f2a6d856c25871","start_turn":9},{"convo_id":"5ebd30ef8dfae0df4d8863c0","start_turn":3},{"convo_id":"5ebd37b48b2f8a114e7e3424","start_turn":3},{"convo_id":"5ebd30ed8dfae0df4d8863a4","start_turn":3},{"convo_id":"5ebd36e63f73de60874a9c5c","start_turn":5},{"convo_id":"5ebd37b48b2f8a114e7e3422","start_turn":9},{"convo_id":"5ebd37233358f7577713898b","start_turn":9},{"convo_id":"5ebd30f08dfae0df4d8863c7","start_turn":5},{"convo_id":"5ebd377112b108adac91f32c","start_turn":3}]}
{"_id":{"$oid":"5ebd37fcfadcffcba42f7081"},"package":[{"convo_id":"5ebd30ef8dfae0df4d8863bb","start_turn":3},{"convo_id":"5ebd37b58b2f8a114e7e3429","start_turn":5},{"convo_id":"5ebd37233358f7577713898e","start_turn":5},{"convo_id":"5ebd37b48b2f8a114e7e3427","start_turn":5},{"convo_id":"5ebd30ed8dfae0df4d8863a5","start_turn":5},{"convo_id":"5ebd377012b108adac91f325","start_turn":9},{"convo_id":"5ebd37eb2bd37088499c6c04","start_turn":9},{"convo_id":"5ebd377112b108adac91f32b","start_turn":3},{"convo_id":"5ebd30f28dfae0df4d8863d9","start_turn":9},{"convo_id":"5ebd37233358f7577713898d","start_turn":3},{"convo_id":"5ebd30f18dfae0df4d8863cc","start_turn":3},{"convo_id":"5ebd37243358f7577713898f","start_turn":3},{"convo_id":"5ebd37eb2bd37088499c6c06","start_turn":9},{"convo_id":"5ebd37b48b2f8a114e7e3426","start_turn":9},{"convo_id":"5ebd37eb2bd37088499c6c03","start_turn":3},{"convo_id":"5ebd30f08dfae0df4d8863c6","start_turn":5},{"convo_id":"5ebd36a730f2a6d856c2586a","start_turn":5},{"convo_id":"5ebd377112b108adac91f328","start_turn":3},{"convo_id":"5ebd37b58b2f8a114e7e342c","start_turn":3},{"convo_id":"5ebd377012b108adac91f322","start_turn":5}]}
{"_id":{"$oid":"5ebd37fcfadcffcba42f7082"},"package":[{"convo_id":"5ebd377012b108adac91f324","start_turn":9},{"convo_id":"5ebd36a830f2a6d856c2586f","start_turn":9},{"convo_id":"5ebd30f18dfae0df4d8863ce","start_turn":3},{"convo_id":"5ebd37ec2bd37088499c6c0d","start_turn":5},{"convo_id":"5ebd30ea8dfae0df4d88638d","start_turn":5},{"convo_id":"5ebd30f28dfae0df4d8863dd","start_turn":5},{"convo_id":"5ebd37eb2bd37088499c6c05","start_turn":9},{"convo_id":"5ebd30f18dfae0df4d8863cb","start_turn":9},{"convo_id":"5ebd36a830f2a6d856c25870","start_turn":5},{"convo_id":"5ebd36a630f2a6d856c25865","start_turn":3},{"convo_id":"5ebd37eb2bd37088499c6c08","start_turn":5},{"convo_id":"5ebd37243358f75777138991","start_turn":3},{"convo_id":"5ebd36e53f73de60874a9c55","start_turn":5},{"convo_id":"5ebd36a730f2a6d856c2586b","start_turn":5},{"convo_id":"5ebd36a730f2a6d856c25868","start_turn":5},{"convo_id":"5ebd37b58b2f8a114e7e342d","start_turn":9},{"convo_id":"5ebd36a730f2a6d856c25869","start_turn":9},{"convo_id":"5ebd37253358f75777138998","start_turn":9},{"convo_id":"5ebd36e63f73de60874a9c5e","start_turn":5}]}
{"_id":{"$oid":"5ebd37fcfadcffcba42f7083"},"package":[{"convo_id":"5ebd37ec2bd37088499c6c0a","start_turn":9},{"convo_id":"5ebd30ec8dfae0df4d886398","start_turn":5},{"convo_id":"5ebd30ea8dfae0df4d886385","start_turn":9},{"convo_id":"5ebd30f28dfae0df4d8863d7","start_turn":3},{"convo_id":"5ebd37243358f75777138993","start_turn":5},{"convo_id":"5ebd377012b108adac91f323","start_turn":5},{"convo_id":"5ebd36a630f2a6d856c25866","start_turn":5},{"convo_id":"5ebd37b58b2f8a114e7e342a","start_turn":5},{"convo_id":"5ebd36e73f73de60874a9c61","start_turn":3},{"convo_id":"5ebd377112b108adac91f32d","start_turn":3},{"convo_id":"5ebd377012b108adac91f320","start_turn":5},{"convo_id":"5ebd377112b108adac91f326","start_turn":5},{"convo_id":"5ebd377112b108adac91f32a","start_turn":5},{"convo_id":"5ebd37b48b2f8a114e7e3421","start_turn":5},{"convo_id":"5ebd37ec2bd37088499c6c0e","start_turn":5},{"convo_id":"5ebd36e63f73de60874a9c5d","start_turn":3},{"convo_id":"5ebd37253358f75777138996","start_turn":9},{"convo_id":"5ebd37b38b2f8a114e7e3420","start_turn":9}]}
{"_id":{"$oid":"5ebd37fcfadcffcba42f7084"},"package":[{"convo_id":"5ebd37243358f75777138994","start_turn":5},{"convo_id":"5ebd377012b108adac91f321","start_turn":9},{"convo_id":"5ebd36e63f73de60874a9c5a","start_turn":9},{"convo_id":"5ebd30ec8dfae0df4d88639a","start_turn":5},{"convo_id":"5ebd37243358f75777138990","start_turn":5},{"convo_id":"5ebd369430f2a6d856c25863","start_turn":5},{"convo_id":"5ebd37eb2bd37088499c6c07","start_turn":9},{"convo_id":"5ebd37eb2bd37088499c6c09","start_turn":9},{"convo_id":"5ebd30f08dfae0df4d8863c9","start_turn":9},{"convo_id":"5ebd37253358f75777138997","start_turn":5},{"convo_id":"5ebd37243358f75777138995","start_turn":5},{"convo_id":"5ebd37243358f75777138992","start_turn":5},{"convo_id":"5ebd36e73f73de60874a9c60","start_turn":9},{"convo_id":"5ebd36a730f2a6d856c2586c","start_turn":5},{"convo_id":"5ebd37ec2bd37088499c6c0c","start_turn":3},{"convo_id":"5ebd30f38dfae0df4d8863e3","start_turn":3},{"convo_id":"5ebd36e63f73de60874a9c58","start_turn":3},{"convo_id":"5ebd30ed8dfae0df4d8863a6","start_turn":3},{"convo_id":"5ebd37b48b2f8a114e7e3425","start_turn":9}]}
{"_id":{"$oid":"5ebd37fcfadcffcba42f7085"},"package":[{"convo_id":"5ebd37ec2bd37088499c6c10","start_turn":9},{"convo_id":"5ebd36e73f73de60874a9c5f","start_turn":5},{"convo_id":"5ebd36e63f73de60874a9c59","start_turn":3},{"convo_id":"5ebd37b48b2f8a114e7e3423","start_turn":5},{"convo_id":"5ebd30f18dfae0df4d8863d0","start_turn":5},{"convo_id":"5ebd36e53f73de60874a9c56","start_turn":9},{"convo_id":"5ebd30f18dfae0df4d8863d3","start_turn":3},{"convo_id":"5ebd36df3f73de60874a9c54","start_turn":3},{"convo_id":"5ebd37ec2bd37088499c6c0b","start_turn":3},{"convo_id":"5ebd36e53f73de60874a9c57","start_turn":9},{"convo_id":"5ebd30f38dfae0df4d8863e6","start_turn":5},{"convo_id":"5ebd37b58b2f8a114e7e342b","start_turn":9},{"convo_id":"5ebd375712b108adac91f31f","start_turn":5},{"convo_id":"5ebd37233358f7577713898c","start_turn":5},{"convo_id":"5ebd37ec2bd37088499c6c0f","start_turn":3},{"convo_id":"5ebd36a730f2a6d856c2586d","start_turn":3},{"convo_id":"5ebd30ef8dfae0df4d8863b9","start_turn":9},{"convo_id":"5ebd36e63f73de60874a9c5b","start_turn":9},{"convo_id":"5ebd371e3358f7577713898a","start_turn":5}]}
{"_id":{"$oid":"5ebd37fcfadcffcba42f7086"},"package":[{"convo_id":"5ebd37243358f7577713898f","start_turn":5},{"convo_id":"5ebd36a630f2a6d856c25865","start_turn":5},{"convo_id":"5ebd37243358f75777138993","start_turn":9},{"convo_id":"5ebd36e63f73de60874a9c58","start_turn":5},{"convo_id":"5ebd377112b108adac91f32b","start_turn":9},{"convo_id":"5ebd377112b108adac91f328","start_turn":5},{"convo_id":"5ebd37233358f7577713898c","start_turn":3},{"convo_id":"5ebd36a630f2a6d856c25864","start_turn":5},{"convo_id":"5ebd37b38b2f8a114e7e3420","start_turn":3},{"convo_id":"5ebd30f38dfae0df4d8863e5","start_turn":5},{"convo_id":"5ebd30ef8dfae0df4d8863b9","start_turn":5},{"convo_id":"5ebd36a730f2a6d856c2586a","start_turn":9},{"convo_id":"5ebd36a830f2a6d856c2586f","start_turn":3},{"convo_id":"5ebd30ec8dfae0df4d88639a","start_turn":3},{"convo_id":"5ebd377012b108adac91f321","start_turn":3},{"convo_id":"5ebd37eb2bd37088499c6c05","start_turn":5},{"convo_id":"5ebd37253358f75777138996","start_turn":5},{"convo_id":"5ebd377012b108adac91f320","start_turn":9},{"convo_id":"5ebd30f18dfae0df4d8863d0","start_turn":9}]}
{"_id":{"$oid":"5ebd37fcfadcffcba42f7087"},"package":[{"convo_id":"5ebd37b48b2f8a114e7e3424","start_turn":5},{"convo_id":"5ebd36a630f2a6d856c25866","start_turn":3},{"convo_id":"5ebd377112b108adac91f326","start_turn":3},{"convo_id":"5ebd37b58b2f8a114e7e342c","start_turn":5},{"convo_id":"5ebd30eb8dfae0df4d886397","start_turn":3},{"convo_id":"5ebd30f18dfae0df4d8863cc","start_turn":5},{"convo_id":"5ebd37ec2bd37088499c6c0d","start_turn":9},{"convo_id":"5ebd37eb2bd37088499c6c07","start_turn":5},{"convo_id":"5ebd37253358f75777138998","start_turn":5},{"convo_id":"5ebd36e63f73de60874a9c5c","start_turn":3},{"convo_id":"5ebd30f18dfae0df4d8863d5","start_turn":5},{"convo_id":"5ebd30ee8dfae0df4d8863b7","start_turn":3},{"convo_id":"5ebd37b48b2f8a114e7e3423","start_turn":9},{"convo_id":"5ebd30f08dfae0df4d8863c9","start_turn":5},{"convo_id":"5ebd377012b108adac91f324","start_turn":3},{"convo_id":"5ebd36a730f2a6d856c2586c","start_turn":3},{"convo_id":"5ebd37eb2bd37088499c6c04","start_turn":5},{"convo_id":"5ebd36e53f73de60874a9c55","start_turn":3},{"convo_id":"5ebd37ec2bd37088499c6c10","start_turn":3},{"convo_id":"5ebd36a730f2a6d856c25869","start_turn":5}]}
{"_id":{"$oid":"5ebd37fcfadcffcba42f7088"},"package":[{"convo_id":"5ebd30f18dfae0df4d8863cb","start_turn":5},{"convo_id":"5ebd30f18dfae0df4d8863ce","start_turn":5},{"convo_id":"5ebd377112b108adac91f327","start_turn":5},{"convo_id":"5ebd37eb2bd37088499c6c09","start_turn":5},{"convo_id":"5ebd30ed8dfae0df4d8863a6","start_turn":5},{"convo_id":"5ebd30f28dfae0df4d8863d7","start_turn":9},{"convo_id":"5ebd37b48b2f8a114e7e3426","start_turn":5},{"convo_id":"5ebd37243358f75777138994","start_turn":3},{"convo_id":"5ebd36a730f2a6d856c25868","start_turn":3},{"convo_id":"5ebd37eb2bd37088499c6c08","start_turn":3},{"convo_id":"5ebd377112b108adac91f329","start_turn":5},{"convo_id":"5ebd377012b108adac91f322","start_turn":3},{"convo_id":"5ebd36a730f2a6d856c2586e","start_turn":5},{"convo_id":"5ebd36e63f73de60874a9c59","start_turn":5},{"convo_id":"5ebd37ec2bd37088499c6c0b","start_turn":9},{"convo_id":"5ebd377112b108adac91f32d","start_turn":5},{"convo_id":"5ebd36e53f73de60874a9c57","start_turn":5},{"convo_id":"5ebd36a630f2a6d856c25867","start_turn":3},{"convo_id":"5ebd36e73f73de60874a9c60","start_turn":5}]}
{"_id":{"$oid":"5ebd37fcfadcffcba42f7089"},"package":[{"convo_id":"5ebd37233358f7577713898b","start_turn":5},{"convo_id":"5ebd37243358f75777138992","start_turn":9},{"convo_id":"5ebd36a730f2a6d856c2586b","start_turn":9},{"convo_id":"5ebd30eb8dfae0df4d886396","start_turn":3},{"convo_id":"5ebd30f28dfae0df4d8863de","start_turn":3},{"convo_id":"5ebd37b58b2f8a114e7e342b","start_turn":5},{"convo_id":"5ebd369430f2a6d856c25863","start_turn":9},{"convo_id":"5ebd37b48b2f8a114e7e3428","start_turn":3},{"convo_id":"5ebd30ed8dfae0df4d8863a5","start_turn":3},{"convo_id":"5ebd36e63f73de60874a9c5d","start_turn":5},{"convo_id":"5ebd377112b108adac91f32c","start_turn":9},{"convo_id":"5ebd36e73f73de60874a9c61","start_turn":5},{"convo_id":"5ebd37243358f75777138990","start_turn":9},{"convo_id":"5ebd37ec2bd37088499c6c0f","start_turn":9},{"convo_id":"5ebd30ea8dfae0df4d88638d","start_turn":9},{"convo_id":"5ebd36a730f2a6d856c2586d","start_turn":9},{"convo_id":"5ebd377012b108adac91f325","start_turn":5},{"convo_id":"5ebd36e73f73de60874a9c5f","start_turn":9},{"convo_id":"5ebd37ec2bd37088499c6c0a","start_turn":3}]}
{"_id":{"$oid":"5ebd37fcfadcffcba42f708a"},"package":[{"convo_id":"5ebd37253358f75777138997","start_turn":9},{"convo_id":"5ebd37b48b2f8a114e7e3427","start_turn":9},{"convo_id":"5ebd30f18dfae0df4d8863d3","start_turn":5},{"convo_id":"5ebd37eb2bd37088499c6c03","start_turn":9},{"convo_id":"5ebd377112b108adac91f32a","start_turn":3},{"convo_id":"5ebd36df3f73de60874a9c54","start_turn":9},{"convo_id":"5ebd37a48b2f8a114e7e341f","start_turn":5},{"convo_id":"5ebd37b48b2f8a114e7e3422","start_turn":3},{"convo_id":"5ebd36e63f73de60874a9c5a","start_turn":5},{"convo_id":"5ebd36e53f73de60874a9c56","start_turn":5},{"convo_id":"5ebd37243358f75777138991","start_turn":9},{"convo_id":"5ebd30ea8dfae0df4d886385","start_turn":5},{"convo_id":"5ebd30ef8dfae0df4d8863c0","start_turn":9},{"convo_id":"5ebd375712b108adac91f31f","start_turn":3},{"convo_id":"5ebd36e63f73de60874a9c5b","start_turn":3},{"convo_id":"5ebd37233358f7577713898d","start_turn":5},{"convo_id":"5ebd37b58b2f8a114e7e3429","start_turn":3},{"convo_id":"5ebd36a830f2a6d856c25871","start_turn":5},{"convo_id":"5ebd30ec8dfae0df4d886398","start_turn":9}]}
{"_id":{"$oid":"5ebd37fcfadcffcba42f708b"},"package":[{"convo_id":"5ebd37eb2bd37088499c6c06","start_turn":3},{"convo_id":"5ebd37b58b2f8a114e7e342a","start_turn":3},{"convo_id":"5ebd37b58b2f8a114e7e342d","start_turn":5},{"convo_id":"5ebd37b48b2f8a114e7e3421","start_turn":3},{"convo_id":"5ebd30f38dfae0df4d8863e6","start_turn":3},{"convo_id":"5ebd30ef8dfae0df4d8863bb","start_turn":5},{"convo_id":"5ebd37233358f7577713898e","start_turn":3},{"convo_id":"5ebd36e73f73de60874a9c62","start_turn":5},{"convo_id":"5ebd37b48b2f8a114e7e3425","start_turn":5},{"convo_id":"5ebd37e52bd37088499c6c02","start_turn":3},{"convo_id":"5ebd377012b108adac91f323","start_turn":9},{"convo_id":"5ebd37243358f75777138995","start_turn":3},{"convo_id":"5ebd36e63f73de60874a9c5e","start_turn":9},{"convo_id":"5ebd30f28dfae0df4d8863d9","start_turn":3},{"convo_id":"5ebd37ec2bd37088499c6c0e","start_turn":9},{"convo_id":"5ebd30eb8dfae0df4d886390","start_turn":3},{"convo_id":"5ebd37ec2bd37088499c6c0c","start_turn":5},{"convo_id":"5ebd36a830f2a6d856c25870","start_turn":9},{"convo_id":"5ebd371e3358f7577713898a","start_turn":9},{"convo_id":"5ebd30f08dfae0df4d8863c6","start_turn":9}]}
{"_id":{"$oid":"5ebd37fcfadcffcba42f708c"},"package":[{"convo_id":"5ebd36e73f73de60874a9c62","start_turn":9},{"convo_id":"5ebd377112b108adac91f327","start_turn":3},{"convo_id":"5ebd36e73f73de60874a9c61","start_turn":9},{"convo_id":"5ebd37233358f7577713898e","start_turn":9},{"convo_id":"5ebd30f18dfae0df4d8863d0","start_turn":3},{"convo_id":"5ebd30ea8dfae0df4d886385","start_turn":3},{"convo_id":"5ebd377112b108adac91f32d","start_turn":9},{"convo_id":"5ebd37eb2bd37088499c6c03","start_turn":5},{"convo_id":"5ebd36e73f73de60874a9c60","start_turn":3},{"convo_id":"5ebd36e53f73de60874a9c55","start_turn":9},{"convo_id":"5ebd30ec8dfae0df4d88639a","start_turn":9},{"convo_id":"5ebd37b58b2f8a114e7e342b","start_turn":3},{"convo_id":"5ebd377112b108adac91f32c","start_turn":5},{"convo_id":"5ebd36a730f2a6d856c2586b","start_turn":3},{"convo_id":"5ebd36e63f73de60874a9c5c","start_turn":9},{"convo_id":"5ebd30ed8dfae0df4d8863a4","start_turn":5},{"convo_id":"5ebd36a730f2a6d856c2586c","start_turn":9},{"convo_id":"5ebd30f18dfae0df4d8863ce","start_turn":9},{"convo_id":"5ebd36a630f2a6d856c25864","start_turn":3},{"convo_id":"5ebd37243358f75777138993","start_turn":3}]}
{"_id":{"$oid":"5ebd37fcfadcffcba42f708d"},"package":[{"convo_id":"5ebd37233358f7577713898d","start_turn":9},{"convo_id":"5ebd37ec2bd37088499c6c0c","start_turn":9},{"convo_id":"5ebd37243358f75777138995","start_turn":9},{"convo_id":"5ebd37243358f7577713898f","start_turn":9},{"convo_id":"5ebd37253358f75777138997","start_turn":3},{"convo_id":"5ebd37b58b2f8a114e7e342d","start_turn":3},{"convo_id":"5ebd30eb8dfae0df4d886396","start_turn":5},{"convo_id":"5ebd30ed8dfae0df4d8863a5","start_turn":9},{"convo_id":"5ebd36a630f2a6d856c25865","start_turn":9},{"convo_id":"5ebd377112b108adac91f328","start_turn":9},{"convo_id":"5ebd36a730f2a6d856c2586e","start_turn":3},{"convo_id":"5ebd377012b108adac91f321","start_turn":5},{"convo_id":"5ebd36a830f2a6d856c25870","start_turn":3},{"convo_id":"5ebd36e63f73de60874a9c5a","start_turn":3},{"convo_id":"5ebd37b38b2f8a114e7e3420","start_turn":5},{"convo_id":"5ebd30eb8dfae0df4d886390","start_turn":5},{"convo_id":"5ebd36e53f73de60874a9c56","start_turn":3},{"convo_id":"5ebd30ef8dfae0df4d8863c0","start_turn":5},{"convo_id":"5ebd377012b108adac91f324","start_turn":5}]}
{"_id":{"$oid":"5ebd37fcfadcffcba42f708e"},"package":[{"convo_id":"5ebd37b48b2f8a114e7e3423","start_turn":3},{"convo_id":"5ebd30f28dfae0df4d8863d7","start_turn":5},{"convo_id":"5ebd375712b108adac91f31f","start_turn":9},{"convo_id":"5ebd36e63f73de60874a9c5e","start_turn":3},{"convo_id":"5ebd37eb2bd37088499c6c09","start_turn":3},{"convo_id":"5ebd36a730f2a6d856c25868","start_turn":9},{"convo_id":"5ebd36a730f2a6d856c2586d","start_turn":5},{"convo_id":"5ebd36a730f2a6d856c2586a","start_turn":3},{"convo_id":"5ebd37b48b2f8a114e7e3425","start_turn":3},{"convo_id":"5ebd30f38dfae0df4d8863e5","start_turn":3},{"convo_id":"5ebd37ec2bd37088499c6c0a","start_turn":5},{"convo_id":"5ebd37a48b2f8a114e7e341f","start_turn":3},{"convo_id":"5ebd36e63f73de60874a9c5b","start_turn":5},{"convo_id":"5ebd37ec2bd37088499c6c0d","start_turn":3},{"convo_id":"5ebd37253358f75777138996","start_turn":3},{"convo_id":"5ebd30f28dfae0df4d8863d9","start_turn":5},{"convo_id":"5ebd36a630f2a6d856c25867","start_turn":9},{"convo_id":"5ebd30f18dfae0df4d8863d3","start_turn":9},{"convo_id":"5ebd30f08dfae0df4d8863c6","start_turn":3},{"convo_id":"5ebd37243358f75777138990","start_turn":3}]}
{"_id":{"$oid":"5ebd37fcfadcffcba42f708f"},"package":[{"convo_id":"5ebd37243358f75777138991","start_turn":5},{"convo_id":"5ebd37eb2bd37088499c6c04","start_turn":3},{"convo_id":"5ebd37b58b2f8a114e7e3429","start_turn":9},{"convo_id":"5ebd30ee8dfae0df4d8863b7","start_turn":5},{"convo_id":"5ebd37b48b2f8a114e7e3427","start_turn":3},{"convo_id":"5ebd30f18dfae0df4d8863cc","start_turn":9},{"convo_id":"5ebd30f28dfae0df4d8863dd","start_turn":3},{"convo_id":"5ebd371e3358f7577713898a","start_turn":3},{"convo_id":"5ebd30f18dfae0df4d8863d5","start_turn":3},{"convo_id":"5ebd36a630f2a6d856c25866","start_turn":9},{"convo_id":"5ebd37243358f75777138994","start_turn":9},{"convo_id":"5ebd37ec2bd37088499c6c10","start_turn":5},{"convo_id":"5ebd37b48b2f8a114e7e3422","start_turn":5},{"convo_id":"5ebd30f08dfae0df4d8863c7","start_turn":3},{"convo_id":"5ebd37eb2bd37088499c6c08","start_turn":9},{"convo_id":"5ebd37b48b2f8a114e7e3428","start_turn":5},{"convo_id":"5ebd37b48b2f8a114e7e3426","start_turn":3},{"convo_id":"5ebd37b58b2f8a114e7e342a","start_turn":9},{"convo_id":"5ebd37233358f7577713898c","start_turn":9},{"convo_id":"5ebd37ec2bd37088499c6c0b","start_turn":5}]}
{"_id":{"$oid":"5ebd37fcfadcffcba42f7090"},"package":[{"convo_id":"5ebd30ec8dfae0df4d886398","start_turn":3},{"convo_id":"5ebd37eb2bd37088499c6c07","start_turn":3},{"convo_id":"5ebd37ec2bd37088499c6c0f","start_turn":5},{"convo_id":"5ebd377112b108adac91f326","start_turn":9},{"convo_id":"5ebd377112b108adac91f32a","start_turn":9},{"convo_id":"5ebd36e63f73de60874a9c5d","start_turn":9},{"convo_id":"5ebd30eb8dfae0df4d886397","start_turn":5},{"convo_id":"5ebd37eb2bd37088499c6c05","start_turn":3},{"convo_id":"5ebd30f18dfae0df4d8863cb","start_turn":3},{"convo_id":"5ebd36e53f73de60874a9c57","start_turn":3},{"convo_id":"5ebd377012b108adac91f322","start_turn":9},{"convo_id":"5ebd30f08dfae0df4d8863c9","start_turn":3},{"convo_id":"5ebd36a830f2a6d856c2586f","start_turn":5},{"convo_id":"5ebd36a830f2a6d856c25871","start_turn":3},{"convo_id":"5ebd37eb2bd37088499c6c06","start_turn":5},{"convo_id":"5ebd377012b108adac91f323","start_turn":3},{"convo_id":"5ebd36a730f2a6d856c25869","start_turn":3},{"convo_id":"5ebd37253358f75777138998","start_turn":3},{"convo_id":"5ebd30ea8dfae0df4d88638d","start_turn":3},{"convo_id":"5ebd36df3f73de60874a9c54","start_turn":5}]}
{"_id":{"$oid":"5ebd37fcfadcffcba42f7091"},"package":[{"convo_id":"5ebd37b58b2f8a114e7e342c","start_turn":9},{"convo_id":"5ebd377012b108adac91f325","start_turn":3},{"convo_id":"5ebd377112b108adac91f32b","start_turn":5},{"convo_id":"5ebd30f28dfae0df4d8863de","start_turn":5},{"convo_id":"5ebd37b48b2f8a114e7e3424","start_turn":9},{"convo_id":"5ebd37e52bd37088499c6c02","start_turn":5},{"convo_id":"5ebd37233358f7577713898b","start_turn":3},{"convo_id":"5ebd37ec2bd37088499c6c0e","start_turn":3},{"convo_id":"5ebd36e63f73de60874a9c58","start_turn":9},{"convo_id":"5ebd30f38dfae0df4d8863e3","start_turn":5},{"convo_id":"5ebd36e63f73de60874a9c59","start_turn":9},{"convo_id":"5ebd369430f2a6d856c25863","start_turn":3},{"convo_id":"5ebd30ef8dfae0df4d8863b9","start_turn":3},{"convo_id":"5ebd36e73f73de60874a9c5f","start_turn":3},{"convo_id":"5ebd37243358f75777138992","start_turn":3},{"convo_id":"5ebd377112b108adac91f329","start_turn":9},{"convo_id":"5ebd37b48b2f8a114e7e3421","start_turn":9},{"convo_id":"5ebd377012b108adac91f320","start_turn":3},{"convo_id":"5ebd30ed8dfae0df4d8863a6","start_turn":9}]}
