{"_id":{"$oid":"5ec295db8b7f4f765c04b641"},"package":[{"convo_id":"5ebd2ec6be1589e2aa6351e2","start_turn":3},{"convo_id":"5ebd2ec7be1589e2aa6351ee","start_turn":5},{"convo_id":"5ebd2fca2c282d0f2031bf3b","start_turn":1},{"convo_id":"5ebd2efca9f16bfa55901c86","start_turn":1},{"convo_id":"5ebd2f9e239427596ded9ad5","start_turn":5},{"convo_id":"5ebd2f3126ee433ebe721a61","start_turn":3},{"convo_id":"5ebd2d14c3b780afcd521f29","start_turn":1},{"convo_id":"5ec27e58745312fe4e6b07a6","start_turn":3},{"convo_id":"5ebd2f3126ee433ebe721a67","start_turn":3},{"convo_id":"5ebd2d11c3b780afcd521eec","start_turn":3},{"convo_id":"5ebd2ec6be1589e2aa6351e4","start_turn":1},{"convo_id":"5ec27e58745312fe4e6b07a2","start_turn":3},{"convo_id":"5ebd2f9d239427596ded9ad2","start_turn":1},{"convo_id":"5ec27d6c388614647542d2dc","start_turn":1},{"convo_id":"5ec27e58745312fe4e6b07a8","start_turn":5},{"convo_id":"5ebd2f3126ee433ebe721a69","start_turn":1},{"convo_id":"5ec27d6c388614647542d2d6","start_turn":1}]}
{"_id":{"$oid":"5ec295db8b7f4f765c04b642"},"package":[{"convo_id":"5ec27dd9ced868f4c02592e0","start_turn":3},{"convo_id":"5ec27e58745312fe4e6b07a1","start_turn":3},{"convo_id":"5ec27e59745312fe4e6b07ad","start_turn":1},{"convo_id":"5ebd2d0fc3b780afcd521ed0","start_turn":1},{"convo_id":"5ebd2d14c3b780afcd521f26","start_turn":5},{"convo_id":"5ebd2f68254c8bc04d32b3e7","start_turn":1},{"convo_id":"5ec27d1aebeffdd6b56ef829","start_turn":3},{"convo_id":"5ebd2ec6be1589e2aa6351e7","start_turn":5},{"convo_id":"5ebd2f67254c8bc04d32b3dc","start_turn":3},{"convo_id":"5ebd2d12c3b780afcd521f03","start_turn":3},{"convo_id":"5ebd2efca9f16bfa55901c81","start_turn":1},{"convo_id":"5ec27e59745312fe4e6b07ab","start_turn":3},{"convo_id":"5ec27dd9ced868f4c02592db","start_turn":3},{"convo_id":"5ebd2efca9f16bfa55901c7f","start_turn":5},{"convo_id":"5ebd2f9e239427596ded9ad4","start_turn":1},{"convo_id":"5ec27d6c388614647542d2d8","start_turn":3},{"convo_id":"5ebd2fcb2c282d0f2031bf40","start_turn":3},{"convo_id":"5ec27d6c388614647542d2d2","start_turn":3},{"convo_id":"5ebd2d10c3b780afcd521eda","start_turn":1},{"convo_id":"5ebd2f5f254c8bc04d32b3db","start_turn":3},{"convo_id":"5ebd2ec6be1589e2aa6351e3","start_turn":3},{"convo_id":"5ec27d1aebeffdd6b56ef828","start_turn":3}]}
{"_id":{"$oid":"5ec295db8b7f4f765c04b643"},"package":[{"convo_id":"5ebd2fcb2c282d0f2031bf43","start_turn":1},{"convo_id":"5ebd2f67254c8bc04d32b3df","start_turn":1},{"convo_id":"5ec27e58745312fe4e6b07a5","start_turn":1},{"convo_id":"5ebd2d10c3b780afcd521ede","start_turn":3},{"convo_id":"5ec27ddaced868f4c02592e5","start_turn":3},{"convo_id":"5ebd2f95239427596ded9aca","start_turn":1},{"convo_id":"5ebd2f9d239427596ded9ad1","start_turn":1},{"convo_id":"5ebd2f67254c8bc04d32b3e0","start_turn":3},{"convo_id":"5ebd2d10c3b780afcd521ed8","start_turn":3},{"convo_id":"5ebd2efca9f16bfa55901c89","start_turn":5},{"convo_id":"5ec27dd9ced868f4c02592dc","start_turn":3},{"convo_id":"5ebd2f3126ee433ebe721a62","start_turn":3},{"convo_id":"5ec27d1aebeffdd6b56ef823","start_turn":1},{"convo_id":"5ebd2f3126ee433ebe721a64","start_turn":3},{"convo_id":"5ebd2f9d239427596ded9ad0","start_turn":1},{"convo_id":"5ebd2f3126ee433ebe721a60","start_turn":5},{"convo_id":"5ec27dd9ced868f4c02592e2","start_turn":1},{"convo_id":"5ebd2f9d239427596ded9acf","start_turn":3},{"convo_id":"5ec27e58745312fe4e6b07a3","start_turn":3},{"convo_id":"5ebd2ec6be1589e2aa6351ec","start_turn":3},{"convo_id":"5ebd2f2e26ee433ebe721a5c","start_turn":3},{"convo_id":"5ebd2d10c3b780afcd521ee1","start_turn":1}]}
{"_id":{"$oid":"5ec295db8b7f4f765c04b644"},"package":[{"convo_id":"5ebd2f9e239427596ded9ad7","start_turn":5},{"convo_id":"5ec27dacced868f4c02592d8","start_turn":5},{"convo_id":"5ebd2d10c3b780afcd521ee2","start_turn":3},{"convo_id":"5ec27d6c388614647542d2d7","start_turn":3},{"convo_id":"5ec27d6c388614647542d2dd","start_turn":1},{"convo_id":"5ebd2f9e239427596ded9ad6","start_turn":3},{"convo_id":"5ec27e58745312fe4e6b07a4","start_turn":1},{"convo_id":"5ec27dd9ced868f4c02592df","start_turn":3},{"convo_id":"5ebd2d10c3b780afcd521edf","start_turn":3},{"convo_id":"5ec27dd9ced868f4c02592d9","start_turn":1},{"convo_id":"5ec27dd9ced868f4c02592dd","start_turn":3},{"convo_id":"5ebd2f67254c8bc04d32b3dd","start_turn":3},{"convo_id":"5ebd2f68254c8bc04d32b3e5","start_turn":5},{"convo_id":"5ebd2f9d239427596ded9ace","start_turn":1},{"convo_id":"5ebd2ec6be1589e2aa6351eb","start_turn":3},{"convo_id":"5ebd2fcb2c282d0f2031bf46","start_turn":5},{"convo_id":"5ec27d1bebeffdd6b56ef82c","start_turn":1},{"convo_id":"5ebd2efca9f16bfa55901c82","start_turn":3},{"convo_id":"5ebd2f67254c8bc04d32b3de","start_turn":5}]}
{"_id":{"$oid":"5ec295db8b7f4f765c04b645"},"package":[{"convo_id":"5ec27d1bebeffdd6b56ef830","start_turn":1},{"convo_id":"5ebd2f3126ee433ebe721a5e","start_turn":1},{"convo_id":"5ebd2efca9f16bfa55901c80","start_turn":1},{"convo_id":"5ebd2f67254c8bc04d32b3e2","start_turn":3},{"convo_id":"5ebd2f9e239427596ded9ad3","start_turn":3},{"convo_id":"5ebd2d10c3b780afcd521ed7","start_turn":3},{"convo_id":"5ec27d6c388614647542d2d3","start_turn":5},{"convo_id":"5ebd2d12c3b780afcd521efd","start_turn":1},{"convo_id":"5ebd2ec6be1589e2aa6351e5","start_turn":3},{"convo_id":"5ec27d1bebeffdd6b56ef82e","start_turn":1},{"convo_id":"5ebd2d13c3b780afcd521f1e","start_turn":3},{"convo_id":"5ebd2ec6be1589e2aa6351e9","start_turn":3},{"convo_id":"5ebd2d12c3b780afcd521f06","start_turn":3}]}
{"_id":{"$oid":"5ec295db8b7f4f765c04b646"},"package":[{"convo_id":"5ebd2d10c3b780afcd521ee7","start_turn":1},{"convo_id":"5ebd2fca2c282d0f2031bf3d","start_turn":5},{"convo_id":"5ebd2f3126ee433ebe721a66","start_turn":1},{"convo_id":"5ebd2f9d239427596ded9acb","start_turn":3},{"convo_id":"5ec27d1aebeffdd6b56ef824","start_turn":1},{"convo_id":"5ebd2efca9f16bfa55901c83","start_turn":1},{"convo_id":"5ebd2d14c3b780afcd521f28","start_turn":1},{"convo_id":"5ec27dd9ced868f4c02592de","start_turn":1},{"convo_id":"5ec27e59745312fe4e6b07aa","start_turn":3},{"convo_id":"5ebd2f68254c8bc04d32b3e3","start_turn":3},{"convo_id":"5ebd2d11c3b780afcd521eeb","start_turn":3},{"convo_id":"5ebd2f9d239427596ded9acd","start_turn":5},{"convo_id":"5ec27d6c388614647542d2d5","start_turn":1},{"convo_id":"5ebd2efda9f16bfa55901c8a","start_turn":5},{"convo_id":"5ec27dd9ced868f4c02592da","start_turn":1},{"convo_id":"5ebd2fca2c282d0f2031bf3a","start_turn":1},{"convo_id":"5ec27d6b388614647542d2d0","start_turn":3},{"convo_id":"5ec27e3c745312fe4e6b07a0","start_turn":3},{"convo_id":"5ebd2efda9f16bfa55901c8b","start_turn":1}]}
{"_id":{"$oid":"5ec295db8b7f4f765c04b647"},"package":[{"convo_id":"5ebd2d10c3b780afcd521ee3","start_turn":5},{"convo_id":"5ebd2ec6be1589e2aa6351e1","start_turn":1},{"convo_id":"5ebd2f68254c8bc04d32b3e9","start_turn":3},{"convo_id":"5ebd2ebcbe1589e2aa6351e0","start_turn":3},{"convo_id":"5ebd2f3126ee433ebe721a63","start_turn":1},{"convo_id":"5ebd2f68254c8bc04d32b3e4","start_turn":5},{"convo_id":"5ebd2fc82c282d0f2031bf38","start_turn":1},{"convo_id":"5ec27d1aebeffdd6b56ef82a","start_turn":3},{"convo_id":"5ebd2ec6be1589e2aa6351e6","start_turn":3},{"convo_id":"5ec27d1bebeffdd6b56ef82d","start_turn":3},{"convo_id":"5ec27cfdebeffdd6b56ef822","start_turn":3},{"convo_id":"5ec27d1aebeffdd6b56ef826","start_turn":3},{"convo_id":"5ebd2f3126ee433ebe721a5f","start_turn":1},{"convo_id":"5ebd2d12c3b780afcd521f0d","start_turn":3},{"convo_id":"5ec27ddaced868f4c02592e6","start_turn":3},{"convo_id":"5ebd2ec6be1589e2aa6351e8","start_turn":3},{"convo_id":"5ebd2fcb2c282d0f2031bf42","start_turn":1},{"convo_id":"5ebd2efca9f16bfa55901c7e","start_turn":1},{"convo_id":"5ebd2f3126ee433ebe721a5d","start_turn":1},{"convo_id":"5ec27e58745312fe4e6b07a7","start_turn":1}]}
{"_id":{"$oid":"5ec295db8b7f4f765c04b648"},"package":[{"convo_id":"5ebd2fca2c282d0f2031bf39","start_turn":5},{"convo_id":"5ebd2d10c3b780afcd521edd","start_turn":1},{"convo_id":"5ebd2f3126ee433ebe721a68","start_turn":5},{"convo_id":"5ebd2efca9f16bfa55901c87","start_turn":3},{"convo_id":"5ebd2fcb2c282d0f2031bf3f","start_turn":5},{"convo_id":"5ebd2ec6be1589e2aa6351ea","start_turn":5},{"convo_id":"5ebd2efca9f16bfa55901c85","start_turn":1},{"convo_id":"5ebd2fca2c282d0f2031bf3c","start_turn":3},{"convo_id":"5ebd2fca2c282d0f2031bf3e","start_turn":3},{"convo_id":"5ec27e59745312fe4e6b07ac","start_turn":3},{"convo_id":"5ec27d1bebeffdd6b56ef82f","start_turn":3},{"convo_id":"5ebd2d14c3b780afcd521f25","start_turn":5},{"convo_id":"5ebd2d11c3b780afcd521eee","start_turn":3},{"convo_id":"5ebd2fcb2c282d0f2031bf41","start_turn":1},{"convo_id":"5ebd2f68254c8bc04d32b3e8","start_turn":3},{"convo_id":"5ec27d1aebeffdd6b56ef825","start_turn":5},{"convo_id":"5ebd2d13c3b780afcd521f1d","start_turn":3},{"convo_id":"5ec27d6c388614647542d2db","start_turn":3},{"convo_id":"5ec27d4f388614647542d2cf","start_turn":5}]}
{"_id":{"$oid":"5ec295db8b7f4f765c04b649"},"package":[{"convo_id":"5ebd2ec7be1589e2aa6351ee","start_turn":3},{"convo_id":"5ebd2f3126ee433ebe721a5e","start_turn":3},{"convo_id":"5ebd2d13c3b780afcd521f1d","start_turn":1},{"convo_id":"5ebd2d13c3b780afcd521f1c","start_turn":1},{"convo_id":"5ec27d1aebeffdd6b56ef827","start_turn":1},{"convo_id":"5ebd2efca9f16bfa55901c85","start_turn":3},{"convo_id":"5ebd2f9d239427596ded9acc","start_turn":3},{"convo_id":"5ec27d6c388614647542d2d8","start_turn":5},{"convo_id":"5ebd2efca9f16bfa55901c7e","start_turn":3},{"convo_id":"5ebd2f3126ee433ebe721a64","start_turn":5},{"convo_id":"5ec27d1bebeffdd6b56ef82d","start_turn":1},{"convo_id":"5ebd2d10c3b780afcd521edb","start_turn":3},{"convo_id":"5ebd2f3126ee433ebe721a5f","start_turn":5},{"convo_id":"5ebd2f67254c8bc04d32b3dc","start_turn":5},{"convo_id":"5ec27d6b388614647542d2d0","start_turn":1},{"convo_id":"5ec27e58745312fe4e6b07a4","start_turn":3},{"convo_id":"5ebd2f9e239427596ded9ad3","start_turn":1},{"convo_id":"5ebd2d10c3b780afcd521ed6","start_turn":3},{"convo_id":"5ebd2f9e239427596ded9ad7","start_turn":3},{"convo_id":"5ebd2ec6be1589e2aa6351e7","start_turn":3}]}
{"_id":{"$oid":"5ec295db8b7f4f765c04b64a"},"package":[{"convo_id":"5ec27dacced868f4c02592d8","start_turn":1},{"convo_id":"5ebd2d14c3b780afcd521f2f","start_turn":1},{"convo_id":"5ec27e58745312fe4e6b07a5","start_turn":5},{"convo_id":"5ebd2d14c3b780afcd521f26","start_turn":1},{"convo_id":"5ebd2fcb2c282d0f2031bf41","start_turn":5},{"convo_id":"5ebd2ec6be1589e2aa6351e9","start_turn":5},{"convo_id":"5ebd2f9d239427596ded9ace","start_turn":5},{"convo_id":"5ebd2f3126ee433ebe721a60","start_turn":3},{"convo_id":"5ec27e58745312fe4e6b07a1","start_turn":1},{"convo_id":"5ebd2f3126ee433ebe721a61","start_turn":1},{"convo_id":"5ebd2f3126ee433ebe721a65","start_turn":1},{"convo_id":"5ebd2f3126ee433ebe721a69","start_turn":3},{"convo_id":"5ebd2d14c3b780afcd521f29","start_turn":3},{"convo_id":"5ec27dd9ced868f4c02592da","start_turn":3},{"convo_id":"5ebd2efca9f16bfa55901c84","start_turn":1},{"convo_id":"5ebd2ec6be1589e2aa6351e3","start_turn":5}]}
{"_id":{"$oid":"5ec295db8b7f4f765c04b64b"},"package":[{"convo_id":"5ebd2f68254c8bc04d32b3e4","start_turn":3},{"convo_id":"5ebd2fca2c282d0f2031bf3b","start_turn":5},{"convo_id":"5ec27e58745312fe4e6b07a6","start_turn":1},{"convo_id":"5ec27d6c388614647542d2d9","start_turn":1},{"convo_id":"5ebd2f68254c8bc04d32b3e8","start_turn":1},{"convo_id":"5ebd2f67254c8bc04d32b3e2","start_turn":1},{"convo_id":"5ebd2d13c3b780afcd521f11","start_turn":1},{"convo_id":"5ebd2d11c3b780afcd521ef8","start_turn":1},{"convo_id":"5ebd2fcb2c282d0f2031bf45","start_turn":3},{"convo_id":"5ebd2fca2c282d0f2031bf3e","start_turn":5},{"convo_id":"5ebd2ec6be1589e2aa6351e6","start_turn":1},{"convo_id":"5ebd2efda9f16bfa55901c8a","start_turn":3},{"convo_id":"5ebd2ec6be1589e2aa6351ea","start_turn":3},{"convo_id":"5ebd2f9d239427596ded9ad0","start_turn":5},{"convo_id":"5ebd2fcb2c282d0f2031bf40","start_turn":1},{"convo_id":"5ebd2d12c3b780afcd521f06","start_turn":1},{"convo_id":"5ec27e58745312fe4e6b07a2","start_turn":5},{"convo_id":"5ebd2fca2c282d0f2031bf3d","start_turn":1}]}
{"_id":{"$oid":"5ec295db8b7f4f765c04b64c"},"package":[{"convo_id":"5ec27d6c388614647542d2dc","start_turn":3},{"convo_id":"5ebd2f2e26ee433ebe721a5c","start_turn":5},{"convo_id":"5ebd2ec6be1589e2aa6351eb","start_turn":1},{"convo_id":"5ec27e58745312fe4e6b07a3","start_turn":1},{"convo_id":"5ec27dd9ced868f4c02592d9","start_turn":5},{"convo_id":"5ebd2f3126ee433ebe721a63","start_turn":3},{"convo_id":"5ebd2f68254c8bc04d32b3e7","start_turn":3},{"convo_id":"5ebd2d14c3b780afcd521f2e","start_turn":3},{"convo_id":"5ebd2f9e239427596ded9ad8","start_turn":3},{"convo_id":"5ec27dd9ced868f4c02592dc","start_turn":1},{"convo_id":"5ebd2efca9f16bfa55901c81","start_turn":3},{"convo_id":"5ebd2d13c3b780afcd521f1e","start_turn":1},{"convo_id":"5ebd2f67254c8bc04d32b3de","start_turn":1},{"convo_id":"5ec27cfdebeffdd6b56ef822","start_turn":1},{"convo_id":"5ec27e58745312fe4e6b07a9","start_turn":3},{"convo_id":"5ebd2ec6be1589e2aa6351e2","start_turn":1},{"convo_id":"5ec27e59745312fe4e6b07ad","start_turn":5},{"convo_id":"5ec27dd9ced868f4c02592db","start_turn":1},{"convo_id":"5ebd2fcb2c282d0f2031bf43","start_turn":3},{"convo_id":"5ec27d1bebeffdd6b56ef82f","start_turn":1},{"convo_id":"5ebd2d12c3b780afcd521f00","start_turn":1},{"convo_id":"5ec27dd9ced868f4c02592e1","start_turn":3},{"convo_id":"5ebd2efca9f16bfa55901c88","start_turn":3}]}
{"_id":{"$oid":"5ec295db8b7f4f765c04b64d"},"package":[{"convo_id":"5ec27dd9ced868f4c02592df","start_turn":1},{"convo_id":"5ec27ddaced868f4c02592e5","start_turn":1},{"convo_id":"5ebd2f95239427596ded9aca","start_turn":3},{"convo_id":"5ebd2d11c3b780afcd521efa","start_turn":1},{"convo_id":"5ebd2fca2c282d0f2031bf39","start_turn":3},{"convo_id":"5ebd2f67254c8bc04d32b3df","start_turn":5},{"convo_id":"5ebd2f68254c8bc04d32b3e6","start_turn":3},{"convo_id":"5ebd2d10c3b780afcd521ee2","start_turn":1},{"convo_id":"5ebd2d11c3b780afcd521ef9","start_turn":1},{"convo_id":"5ec27d6c388614647542d2d6","start_turn":3},{"convo_id":"5ebd2ef8a9f16bfa55901c7d","start_turn":1},{"convo_id":"5ebd2fc82c282d0f2031bf38","start_turn":5},{"convo_id":"5ebd2d14c3b780afcd521f24","start_turn":3}]}
{"_id":{"$oid":"5ec295db8b7f4f765c04b64e"},"package":[{"convo_id":"5ec27d1aebeffdd6b56ef828","start_turn":5},{"convo_id":"5ec27ddaced868f4c02592e3","start_turn":3},{"convo_id":"5ec27d1bebeffdd6b56ef830","start_turn":3},{"convo_id":"5ebd2f9d239427596ded9acd","start_turn":1},{"convo_id":"5ebd2f3126ee433ebe721a68","start_turn":1},{"convo_id":"5ebd2ec7be1589e2aa6351ed","start_turn":3},{"convo_id":"5ec27ddaced868f4c02592e6","start_turn":5},{"convo_id":"5ec27ddaced868f4c02592e4","start_turn":3},{"convo_id":"5ebd2f9d239427596ded9acf","start_turn":1},{"convo_id":"5ebd2f68254c8bc04d32b3e3","start_turn":1},{"convo_id":"5ec27d6c388614647542d2db","start_turn":1},{"convo_id":"5ec27d1aebeffdd6b56ef82b","start_turn":1},{"convo_id":"5ebd2fca2c282d0f2031bf3c","start_turn":1},{"convo_id":"5ebd2efca9f16bfa55901c7f","start_turn":1},{"convo_id":"5ebd2f67254c8bc04d32b3e0","start_turn":5},{"convo_id":"5ebd2f68254c8bc04d32b3e5","start_turn":3},{"convo_id":"5ebd2d14c3b780afcd521f25","start_turn":1},{"convo_id":"5ebd2f3126ee433ebe721a6a","start_turn":1},{"convo_id":"5ebd2f68254c8bc04d32b3e9","start_turn":5},{"convo_id":"5ebd2ec6be1589e2aa6351ec","start_turn":5}]}
{"_id":{"$oid":"5ec295db8b7f4f765c04b64f"},"package":[{"convo_id":"5ec27d6c388614647542d2d3","start_turn":3},{"convo_id":"5ec27d6c388614647542d2d1","start_turn":1},{"convo_id":"5ebd2fcb2c282d0f2031bf44","start_turn":1},{"convo_id":"5ebd2d13c3b780afcd521f17","start_turn":1},{"convo_id":"5ec27e59745312fe4e6b07ab","start_turn":1},{"convo_id":"5ec27d1bebeffdd6b56ef82c","start_turn":3},{"convo_id":"5ebd2d0fc3b780afcd521ece","start_turn":1},{"convo_id":"5ebd2efca9f16bfa55901c89","start_turn":1},{"convo_id":"5ec27d4f388614647542d2cf","start_turn":1},{"convo_id":"5ec27d1aebeffdd6b56ef823","start_turn":5},{"convo_id":"5ebd2f9e239427596ded9ad5","start_turn":1},{"convo_id":"5ebd2f3126ee433ebe721a5d","start_turn":3},{"convo_id":"5ebd2f3126ee433ebe721a62","start_turn":1},{"convo_id":"5ec27d6c388614647542d2d2","start_turn":1},{"convo_id":"5ebd2fcb2c282d0f2031bf42","start_turn":5},{"convo_id":"5ebd2f67254c8bc04d32b3e1","start_turn":3},{"convo_id":"5ebd2f9e239427596ded9ad6","start_turn":1},{"convo_id":"5ebd2efca9f16bfa55901c82","start_turn":5},{"convo_id":"5ec27d6c388614647542d2d4","start_turn":1},{"convo_id":"5ec27e59745312fe4e6b07ae","start_turn":1}]}
{"_id":{"$oid":"5ec295db8b7f4f765c04b650"},"package":[{"convo_id":"5ebd2f3126ee433ebe721a66","start_turn":3},{"convo_id":"5ebd2f9d239427596ded9ad1","start_turn":3},{"convo_id":"5ec27e58745312fe4e6b07a8","start_turn":1},{"convo_id":"5ec27e59745312fe4e6b07ac","start_turn":1},{"convo_id":"5ebd2f3126ee433ebe721a67","start_turn":1},{"convo_id":"5ebd2ebcbe1589e2aa6351e0","start_turn":1},{"convo_id":"5ebd2d0fc3b780afcd521ed0","start_turn":3},{"convo_id":"5ebd2fcb2c282d0f2031bf46","start_turn":3},{"convo_id":"5ebd2efca9f16bfa55901c83","start_turn":3},{"convo_id":"5ec27d6c388614647542d2d7","start_turn":1},{"convo_id":"5ec27e59745312fe4e6b07aa","start_turn":1},{"convo_id":"5ebd2d10c3b780afcd521ee3","start_turn":1},{"convo_id":"5ec27dd9ced868f4c02592e2","start_turn":3},{"convo_id":"5ebd2ec6be1589e2aa6351e5","start_turn":1},{"convo_id":"5ebd2d11c3b780afcd521ef6","start_turn":3},{"convo_id":"5ec27d6c388614647542d2d5","start_turn":3},{"convo_id":"5ec27dd9ced868f4c02592dd","start_turn":5},{"convo_id":"5ec27d6c388614647542d2da","start_turn":1},{"convo_id":"5ec27d1aebeffdd6b56ef825","start_turn":3},{"convo_id":"5ebd2fcb2c282d0f2031bf3f","start_turn":3}]}
{"_id":{"$oid":"5ec295db8b7f4f765c04b651"},"package":[{"convo_id":"5ebd2f3126ee433ebe721a68","start_turn":3},{"convo_id":"5ebd2ec7be1589e2aa6351ed","start_turn":1},{"convo_id":"5ebd2f68254c8bc04d32b3e3","start_turn":5},{"convo_id":"5ebd2f67254c8bc04d32b3e1","start_turn":1},{"convo_id":"5ec27e58745312fe4e6b07a3","start_turn":5},{"convo_id":"5ebd2fca2c282d0f2031bf3d","start_turn":3},{"convo_id":"5ebd2f68254c8bc04d32b3e9","start_turn":1},{"convo_id":"5ebd2f9e239427596ded9ad5","start_turn":3},{"convo_id":"5ebd2d10c3b780afcd521ede","start_turn":1},{"convo_id":"5ec27ddaced868f4c02592e3","start_turn":1},{"convo_id":"5ebd2d12c3b780afcd521efd","start_turn":3},{"convo_id":"5ebd2d13c3b780afcd521f11","start_turn":3},{"convo_id":"5ebd2fcb2c282d0f2031bf44","start_turn":3},{"convo_id":"5ebd2f2e26ee433ebe721a5c","start_turn":1},{"convo_id":"5ebd2f68254c8bc04d32b3e4","start_turn":1},{"convo_id":"5ebd2f9d239427596ded9ad2","start_turn":3},{"convo_id":"5ebd2f9e239427596ded9ad8","start_turn":1},{"convo_id":"5ebd2f3126ee433ebe721a67","start_turn":5}]}
{"_id":{"$oid":"5ec295db8b7f4f765c04b652"},"package":[{"convo_id":"5ec27e58745312fe4e6b07a9","start_turn":1},{"convo_id":"5ec27d6c388614647542d2d8","start_turn":1},{"convo_id":"5ebd2d0fc3b780afcd521ece","start_turn":3},{"convo_id":"5ebd2d14c3b780afcd521f24","start_turn":1},{"convo_id":"5ebd2d14c3b780afcd521f28","start_turn":3},{"convo_id":"5ec27d1bebeffdd6b56ef82e","start_turn":3},{"convo_id":"5ec27e58745312fe4e6b07a5","start_turn":3},{"convo_id":"5ec27e59745312fe4e6b07ae","start_turn":3},{"convo_id":"5ec27dacced868f4c02592d8","start_turn":3},{"convo_id":"5ec27d1aebeffdd6b56ef826","start_turn":1},{"convo_id":"5ec27dd9ced868f4c02592e1","start_turn":1},{"convo_id":"5ebd2d11c3b780afcd521ef9","start_turn":3},{"convo_id":"5ebd2f3126ee433ebe721a65","start_turn":3},{"convo_id":"5ec27e58745312fe4e6b07a7","start_turn":3},{"convo_id":"5ebd2ec6be1589e2aa6351e8","start_turn":1},{"convo_id":"5ebd2f9d239427596ded9acc","start_turn":1},{"convo_id":"5ebd2d10c3b780afcd521ee1","start_turn":3},{"convo_id":"5ebd2ec6be1589e2aa6351ec","start_turn":1},{"convo_id":"5ec27e3c745312fe4e6b07a0","start_turn":1},{"convo_id":"5ec27ddaced868f4c02592e6","start_turn":1}]}
{"_id":{"$oid":"5ec295db8b7f4f765c04b653"},"package":[{"convo_id":"5ebd2d11c3b780afcd521eec","start_turn":1},{"convo_id":"5ebd2d10c3b780afcd521edd","start_turn":3},{"convo_id":"5ebd2efca9f16bfa55901c86","start_turn":3},{"convo_id":"5ec27e58745312fe4e6b07a2","start_turn":1},{"convo_id":"5ec27ddaced868f4c02592e4","start_turn":1},{"convo_id":"5ebd2d12c3b780afcd521f0d","start_turn":1},{"convo_id":"5ec27d6c388614647542d2dd","start_turn":3},{"convo_id":"5ec27d1bebeffdd6b56ef82f","start_turn":5},{"convo_id":"5ebd2efca9f16bfa55901c81","start_turn":5},{"convo_id":"5ebd2d14c3b780afcd521f2f","start_turn":3},{"convo_id":"5ec27d1aebeffdd6b56ef827","start_turn":3},{"convo_id":"5ec27dd9ced868f4c02592dd","start_turn":1},{"convo_id":"5ebd2f3126ee433ebe721a5d","start_turn":5},{"convo_id":"5ebd2fca2c282d0f2031bf3e","start_turn":1},{"convo_id":"5ec27d1aebeffdd6b56ef825","start_turn":1},{"convo_id":"5ebd2f3126ee433ebe721a69","start_turn":5},{"convo_id":"5ebd2d12c3b780afcd521f03","start_turn":1},{"convo_id":"5ec27d6c388614647542d2da","start_turn":3},{"convo_id":"5ebd2efca9f16bfa55901c87","start_turn":1}]}
{"_id":{"$oid":"5ec295db8b7f4f765c04b654"},"package":[{"convo_id":"5ebd2d11c3b780afcd521ef8","start_turn":3},{"convo_id":"5ebd2efca9f16bfa55901c89","start_turn":3},{"convo_id":"5ec27d1bebeffdd6b56ef830","start_turn":5},{"convo_id":"5ebd2d10c3b780afcd521ee3","start_turn":3},{"convo_id":"5ec27e58745312fe4e6b07a8","start_turn":3},{"convo_id":"5ebd2f68254c8bc04d32b3e6","start_turn":1},{"convo_id":"5ec27dd9ced868f4c02592d9","start_turn":3},{"convo_id":"5ebd2fcb2c282d0f2031bf45","start_turn":1},{"convo_id":"5ebd2f3126ee433ebe721a61","start_turn":5},{"convo_id":"5ec27dd9ced868f4c02592e2","start_turn":5},{"convo_id":"5ebd2d14c3b780afcd521f2e","start_turn":1},{"convo_id":"5ebd2f67254c8bc04d32b3dc","start_turn":1},{"convo_id":"5ebd2fcb2c282d0f2031bf41","start_turn":3},{"convo_id":"5ebd2f9d239427596ded9acd","start_turn":3},{"convo_id":"5ec27d1aebeffdd6b56ef828","start_turn":1},{"convo_id":"5ebd2f9e239427596ded9ad7","start_turn":1},{"convo_id":"5ec27d6c388614647542d2db","start_turn":5},{"convo_id":"5ec27d6c388614647542d2dc","start_turn":5},{"convo_id":"5ebd2f3126ee433ebe721a60","start_turn":1},{"convo_id":"5ebd2ec6be1589e2aa6351e6","start_turn":5},{"convo_id":"5ebd2ec7be1589e2aa6351ee","start_turn":1},{"convo_id":"5ec27d1aebeffdd6b56ef82a","start_turn":1},{"convo_id":"5ebd2d13c3b780afcd521f1c","start_turn":3},{"convo_id":"5ec27d1aebeffdd6b56ef829","start_turn":1}]}
{"_id":{"$oid":"5ec295db8b7f4f765c04b655"},"package":[{"convo_id":"5ec27e59745312fe4e6b07ad","start_turn":3},{"convo_id":"5ebd2f67254c8bc04d32b3df","start_turn":3},{"convo_id":"5ec27d4f388614647542d2cf","start_turn":3},{"convo_id":"5ebd2fcb2c282d0f2031bf3f","start_turn":1},{"convo_id":"5ebd2f68254c8bc04d32b3e5","start_turn":1},{"convo_id":"5ebd2fcb2c282d0f2031bf43","start_turn":5},{"convo_id":"5ebd2d12c3b780afcd521f00","start_turn":3},{"convo_id":"5ebd2fca2c282d0f2031bf3a","start_turn":3},{"convo_id":"5ebd2d10c3b780afcd521eda","start_turn":3},{"convo_id":"5ebd2efca9f16bfa55901c80","start_turn":3},{"convo_id":"5ebd2f3126ee433ebe721a5f","start_turn":3},{"convo_id":"5ebd2fca2c282d0f2031bf39","start_turn":1},{"convo_id":"5ec27d1aebeffdd6b56ef823","start_turn":3},{"convo_id":"5ebd2fca2c282d0f2031bf3b","start_turn":3},{"convo_id":"5ebd2d10c3b780afcd521ed7","start_turn":1},{"convo_id":"5ec27dd9ced868f4c02592e0","start_turn":1},{"convo_id":"5ebd2fcb2c282d0f2031bf42","start_turn":3}]}
{"_id":{"$oid":"5ec295db8b7f4f765c04b656"},"package":[{"convo_id":"5ebd2efca9f16bfa55901c7f","start_turn":3},{"convo_id":"5ebd2efda9f16bfa55901c8a","start_turn":1},{"convo_id":"5ec27d6c388614647542d2d3","start_turn":1},{"convo_id":"5ec27d6c388614647542d2d1","start_turn":3},{"convo_id":"5ebd2d10c3b780afcd521edf","start_turn":1},{"convo_id":"5ebd2ec6be1589e2aa6351e4","start_turn":3},{"convo_id":"5ec27dd9ced868f4c02592de","start_turn":3},{"convo_id":"5ebd2fcb2c282d0f2031bf46","start_turn":1},{"convo_id":"5ebd2d11c3b780afcd521eee","start_turn":1},{"convo_id":"5ebd2ec6be1589e2aa6351ea","start_turn":1},{"convo_id":"5ebd2ec6be1589e2aa6351e3","start_turn":1},{"convo_id":"5ebd2efca9f16bfa55901c88","start_turn":1},{"convo_id":"5ebd2efca9f16bfa55901c84","start_turn":3},{"convo_id":"5ec27d1aebeffdd6b56ef824","start_turn":3},{"convo_id":"5ebd2efda9f16bfa55901c8b","start_turn":3},{"convo_id":"5ebd2f9d239427596ded9acb","start_turn":1},{"convo_id":"5ebd2d11c3b780afcd521efa","start_turn":3},{"convo_id":"5ebd2fc82c282d0f2031bf38","start_turn":3},{"convo_id":"5ebd2f9d239427596ded9ace","start_turn":3}]}
{"_id":{"$oid":"5ec295db8b7f4f765c04b657"},"package":[{"convo_id":"5ebd2efca9f16bfa55901c82","start_turn":1},{"convo_id":"5ebd2ec6be1589e2aa6351e7","start_turn":1},{"convo_id":"5ec27d6c388614647542d2d9","start_turn":3},{"convo_id":"5ebd2f3126ee433ebe721a6a","start_turn":3},{"convo_id":"5ec27d1bebeffdd6b56ef82d","start_turn":5},{"convo_id":"5ebd2f5f254c8bc04d32b3db","start_turn":1},{"convo_id":"5ebd2d10c3b780afcd521ed6","start_turn":1},{"convo_id":"5ebd2ec6be1589e2aa6351e9","start_turn":1},{"convo_id":"5ebd2f9e239427596ded9ad4","start_turn":3},{"convo_id":"5ebd2f9e239427596ded9ad3","start_turn":5},{"convo_id":"5ebd2d14c3b780afcd521f26","start_turn":3},{"convo_id":"5ebd2f67254c8bc04d32b3dd","start_turn":1},{"convo_id":"5ec27dd9ced868f4c02592da","start_turn":5},{"convo_id":"5ebd2d14c3b780afcd521f25","start_turn":3},{"convo_id":"5ebd2d11c3b780afcd521ef6","start_turn":1},{"convo_id":"5ec27d1aebeffdd6b56ef82b","start_turn":3},{"convo_id":"5ebd2f9d239427596ded9ad0","start_turn":3},{"convo_id":"5ebd2ef8a9f16bfa55901c7d","start_turn":3}]}
{"_id":{"$oid":"5ec295db8b7f4f765c04b658"},"package":[{"convo_id":"5ebd2d10c3b780afcd521ee7","start_turn":3},{"convo_id":"5ec27e58745312fe4e6b07a1","start_turn":5},{"convo_id":"5ec27d6c388614647542d2d4","start_turn":3},{"convo_id":"5ebd2f3126ee433ebe721a64","start_turn":1},{"convo_id":"5ebd2d11c3b780afcd521eeb","start_turn":1},{"convo_id":"5ec27dd9ced868f4c02592db","start_turn":5},{"convo_id":"5ebd2d10c3b780afcd521edb","start_turn":1},{"convo_id":"5ebd2f67254c8bc04d32b3de","start_turn":3},{"convo_id":"5ebd2ec6be1589e2aa6351e1","start_turn":3},{"convo_id":"5ec27ddaced868f4c02592e5","start_turn":5},{"convo_id":"5ebd2d13c3b780afcd521f17","start_turn":3},{"convo_id":"5ebd2d10c3b780afcd521ed8","start_turn":1},{"convo_id":"5ebd2f67254c8bc04d32b3e0","start_turn":1}]}
{"_id":{"$oid":"5ec296083ac3c097c53cfb18"},"package":[{"convo_id":"5ebd30c4da43142f74472e23","start_turn":3},{"convo_id":"5ebd301c86d4b019da00aca7","start_turn":1},{"convo_id":"5ebd30fb6a0793490b70ff2f","start_turn":3},{"convo_id":"5ec27f79f9a9602855e9d9ed","start_turn":1},{"convo_id":"5ebd301c86d4b019da00aca9","start_turn":5},{"convo_id":"5ebd308ae54e68e72029bc19","start_turn":5},{"convo_id":"5ebd2e75ffcebc09d9057caf","start_turn":3},{"convo_id":"5ec27f34f81a26eeff5b9b9b","start_turn":1},{"convo_id":"5ebd308ae54e68e72029bc1e","start_turn":3},{"convo_id":"5ec27f79f9a9602855e9d9f5","start_turn":5},{"convo_id":"5ebd30c3da43142f74472e1e","start_turn":5},{"convo_id":"5ec27f34f81a26eeff5b9b9e","start_turn":1},{"convo_id":"5ebd312aec543880143e9c9c","start_turn":3},{"convo_id":"5ebd2e78ffcebc09d9057cf0","start_turn":3},{"convo_id":"5ec27f34f81a26eeff5b9ba3","start_turn":3},{"convo_id":"5ebd2e78ffcebc09d9057cf2","start_turn":1},{"convo_id":"5ec27eef44ab7a43112d0f61","start_turn":1},{"convo_id":"5ebd30fc6a0793490b70ff3b","start_turn":5},{"convo_id":"5ebd301c86d4b019da00acaa","start_turn":1},{"convo_id":"5ebd3129ec543880143e9c97","start_turn":5},{"convo_id":"5ec27fd04aa0630fb151a1c1","start_turn":3},{"convo_id":"5ebd2e78ffcebc09d9057ce7","start_turn":3},{"convo_id":"5ec27f78f9a9602855e9d9ec","start_turn":5},{"convo_id":"5ebd2e74ffcebc09d9057c9c","start_turn":1}]}
{"_id":{"$oid":"5ec296083ac3c097c53cfb19"},"package":[{"convo_id":"5ebd30fc6a0793490b70ff34","start_turn":5},{"convo_id":"5ebd3053a3a139a819de9077","start_turn":5},{"convo_id":"5ebd2e76ffcebc09d9057cb6","start_turn":3},{"convo_id":"5ebd2e77ffcebc09d9057cdb","start_turn":1},{"convo_id":"5ebd30fc6a0793490b70ff36","start_turn":1},{"convo_id":"5ebd30fb6a0793490b70ff32","start_turn":3},{"convo_id":"5ebd308ae54e68e72029bc24","start_turn":3},{"convo_id":"5ec27f78f9a9602855e9d9e8","start_turn":3},{"convo_id":"5ec27f17f81a26eeff5b9b96","start_turn":3},{"convo_id":"5ebd30fb6a0793490b70ff30","start_turn":5},{"convo_id":"5ebd3053a3a139a819de9078","start_turn":5},{"convo_id":"5ebd312aec543880143e9c9b","start_turn":3},{"convo_id":"5ebd301c86d4b019da00aca3","start_turn":5},{"convo_id":"5ebd2e79ffcebc09d9057cfb","start_turn":3},{"convo_id":"5ec27f34f81a26eeff5b9ba2","start_turn":5},{"convo_id":"5ec27eee44ab7a43112d0f5d","start_turn":5},{"convo_id":"5ec27eef44ab7a43112d0f62","start_turn":3},{"convo_id":"5ebd301c86d4b019da00aca8","start_turn":3},{"convo_id":"5ec27f5cf9a9602855e9d9e7","start_turn":1},{"convo_id":"5ebd2e78ffcebc09d9057ce8","start_turn":3},{"convo_id":"5ebd308ae54e68e72029bc1d","start_turn":1},{"convo_id":"5ebd3129ec543880143e9c9a","start_turn":5},{"convo_id":"5ebd301d86d4b019da00acab","start_turn":5}]}
{"_id":{"$oid":"5ec296083ac3c097c53cfb1a"},"package":[{"convo_id":"5ebd2e77ffcebc09d9057cd1","start_turn":1},{"convo_id":"5ebd3054a3a139a819de9080","start_turn":5},{"convo_id":"5ebd308ae54e68e72029bc1b","start_turn":1},{"convo_id":"5ebd301c86d4b019da00aca1","start_turn":1},{"convo_id":"5ebd30b8da43142f74472e18","start_turn":5},{"convo_id":"5ebd30c4da43142f74472e26","start_turn":1},{"convo_id":"5ebd301c86d4b019da00aca6","start_turn":1},{"convo_id":"5ebd304fa3a139a819de9073","start_turn":5},{"convo_id":"5ec27f34f81a26eeff5b9ba0","start_turn":1},{"convo_id":"5ec27f34f81a26eeff5b9b9d","start_turn":3},{"convo_id":"5ebd2e77ffcebc09d9057cce","start_turn":3},{"convo_id":"5ebd3053a3a139a819de9075","start_turn":5},{"convo_id":"5ebd3129ec543880143e9c99","start_turn":5},{"convo_id":"5ebd301c86d4b019da00aca2","start_turn":1},{"convo_id":"5ec27fd04aa0630fb151a1b6","start_turn":3},{"convo_id":"5ebd2e76ffcebc09d9057cc1","start_turn":1},{"convo_id":"5ebd30fc6a0793490b70ff3a","start_turn":5},{"convo_id":"5ebd30fc6a0793490b70ff38","start_turn":5},{"convo_id":"5ebd301086d4b019da00ac9e","start_turn":1},{"convo_id":"5ec27eee44ab7a43112d0f59","start_turn":1},{"convo_id":"5ebd30fb6a0793490b70ff31","start_turn":1},{"convo_id":"5ec27f33f81a26eeff5b9b9a","start_turn":5}]}
{"_id":{"$oid":"5ec296083ac3c097c53cfb1b"},"package":[{"convo_id":"5ec27fd04aa0630fb151a1c0","start_turn":3},{"convo_id":"5ec27f79f9a9602855e9d9f4","start_turn":1},{"convo_id":"5ec27f33f81a26eeff5b9b99","start_turn":3},{"convo_id":"5ebd2e79ffcebc09d9057cf5","start_turn":3},{"convo_id":"5ebd30fc6a0793490b70ff3c","start_turn":3},{"convo_id":"5ebd312aec543880143e9ca3","start_turn":5},{"convo_id":"5ebd2e77ffcebc09d9057cd0","start_turn":3},{"convo_id":"5ebd3053a3a139a819de907f","start_turn":1},{"convo_id":"5ebd3052a3a139a819de9074","start_turn":3},{"convo_id":"5ebd2e76ffcebc09d9057cc2","start_turn":3},{"convo_id":"5ec27f79f9a9602855e9d9f2","start_turn":1},{"convo_id":"5ebd30fc6a0793490b70ff37","start_turn":3},{"convo_id":"5ec27f34f81a26eeff5b9ba1","start_turn":5},{"convo_id":"5ec27eef44ab7a43112d0f65","start_turn":1},{"convo_id":"5ec27fd04aa0630fb151a1bd","start_turn":1},{"convo_id":"5ec27f78f9a9602855e9d9e9","start_turn":3},{"convo_id":"5ebd308ae54e68e72029bc1f","start_turn":3},{"convo_id":"5ebd312aec543880143e9c9f","start_turn":1},{"convo_id":"5ebd308ae54e68e72029bc20","start_turn":1},{"convo_id":"5ec27fd04aa0630fb151a1ba","start_turn":3},{"convo_id":"5ebd30c3da43142f74472e19","start_turn":1}]}
{"_id":{"$oid":"5ec296083ac3c097c53cfb1c"},"package":[{"convo_id":"5ebd30c4da43142f74472e25","start_turn":1},{"convo_id":"5ebd30c3da43142f74472e1d","start_turn":3},{"convo_id":"5ebd312aec543880143e9ca4","start_turn":3},{"convo_id":"5ec27ed044ab7a43112d0f58","start_turn":5},{"convo_id":"5ebd301d86d4b019da00acac","start_turn":1},{"convo_id":"5ebd3053a3a139a819de907a","start_turn":1},{"convo_id":"5ebd2e78ffcebc09d9057ce3","start_turn":1},{"convo_id":"5ebd301c86d4b019da00ac9f","start_turn":3},{"convo_id":"5ec27eee44ab7a43112d0f5f","start_turn":1},{"convo_id":"5ec27f33f81a26eeff5b9b98","start_turn":5},{"convo_id":"5ec27fd04aa0630fb151a1bb","start_turn":3},{"convo_id":"5ebd2e77ffcebc09d9057cc9","start_turn":1},{"convo_id":"5ec27f78f9a9602855e9d9eb","start_turn":1},{"convo_id":"5ebd2e79ffcebc09d9057cf4","start_turn":1},{"convo_id":"5ec27f79f9a9602855e9d9f3","start_turn":5},{"convo_id":"5ebd308ae54e68e72029bc1a","start_turn":5},{"convo_id":"5ebd308ae54e68e72029bc21","start_turn":1},{"convo_id":"5ebd301c86d4b019da00aca4","start_turn":3},{"convo_id":"5ec27fd04aa0630fb151a1be","start_turn":5},{"convo_id":"5ebd30f16a0793490b70ff2e","start_turn":3},{"convo_id":"5ec27eee44ab7a43112d0f60","start_turn":3}]}
{"_id":{"$oid":"5ec296083ac3c097c53cfb1d"},"package":[{"convo_id":"5ebd3129ec543880143e9c98","start_turn":1},{"convo_id":"5ebd2e76ffcebc09d9057cbb","start_turn":1},{"convo_id":"5ebd3053a3a139a819de9079","start_turn":1},{"convo_id":"5ebd30c3da43142f74472e1b","start_turn":5},{"convo_id":"5ec27eef44ab7a43112d0f64","start_turn":3},{"convo_id":"5ebd2e75ffcebc09d9057ca9","start_turn":3},{"convo_id":"5ebd2e78ffcebc09d9057ce1","start_turn":3},{"convo_id":"5ec27f79f9a9602855e9d9f1","start_turn":5},{"convo_id":"5ebd312aec543880143e9ca0","start_turn":1},{"convo_id":"5ec27eee44ab7a43112d0f5c","start_turn":3},{"convo_id":"5ec27eef44ab7a43112d0f63","start_turn":1},{"convo_id":"5ebd308ae54e68e72029bc1c","start_turn":1},{"convo_id":"5ec27f34f81a26eeff5b9b9c","start_turn":3},{"convo_id":"5ebd30c3da43142f74472e21","start_turn":1},{"convo_id":"5ebd308ae54e68e72029bc23","start_turn":3},{"convo_id":"5ebd2e79ffcebc09d9057cf8","start_turn":1},{"convo_id":"5ebd3054a3a139a819de9081","start_turn":5},{"convo_id":"5ec27fcf4aa0630fb151a1b4","start_turn":3},{"convo_id":"5ebd2e77ffcebc09d9057cd7","start_turn":1},{"convo_id":"5ebd30c3da43142f74472e1c","start_turn":5},{"convo_id":"5ebd301c86d4b019da00aca0","start_turn":5},{"convo_id":"5ebd3053a3a139a819de9076","start_turn":5},{"convo_id":"5ec27f79f9a9602855e9d9f0","start_turn":3},{"convo_id":"5ec27eee44ab7a43112d0f5a","start_turn":1}]}
{"_id":{"$oid":"5ec296083ac3c097c53cfb1e"},"package":[{"convo_id":"5ebd2e75ffcebc09d9057cb2","start_turn":1},{"convo_id":"5ebd308ae54e68e72029bc22","start_turn":5},{"convo_id":"5ebd2e76ffcebc09d9057cb8","start_turn":1},{"convo_id":"5ebd30c3da43142f74472e1f","start_turn":1},{"convo_id":"5ebd2e75ffcebc09d9057cb3","start_turn":3},{"convo_id":"5ebd30fc6a0793490b70ff39","start_turn":3},{"convo_id":"5ebd3086e54e68e72029bc16","start_turn":3},{"convo_id":"5ebd312aec543880143e9ca2","start_turn":3},{"convo_id":"5ebd312aec543880143e9ca1","start_turn":5},{"convo_id":"5ec27fd04aa0630fb151a1bf","start_turn":3},{"convo_id":"5ebd3089e54e68e72029bc17","start_turn":5},{"convo_id":"5ebd301c86d4b019da00aca5","start_turn":3},{"convo_id":"5ebd312aec543880143e9c9e","start_turn":5},{"convo_id":"5ebd3053a3a139a819de907e","start_turn":1},{"convo_id":"5ebd2e79ffcebc09d9057cfd","start_turn":1},{"convo_id":"5ebd3053a3a139a819de907d","start_turn":5},{"convo_id":"5ebd30fc6a0793490b70ff35","start_turn":1},{"convo_id":"5ec27fd04aa0630fb151a1bc","start_turn":5},{"convo_id":"5ebd30c4da43142f74472e24","start_turn":1},{"convo_id":"5ec27fd04aa0630fb151a1b7","start_turn":3},{"convo_id":"5ebd30c3da43142f74472e1a","start_turn":3},{"convo_id":"5ebd30c3da43142f74472e22","start_turn":5},{"convo_id":"5ebd2e79ffcebc09d9057cf7","start_turn":3},{"convo_id":"5ebd30c3da43142f74472e20","start_turn":1}]}
{"_id":{"$oid":"5ec296083ac3c097c53cfb1f"},"package":[{"convo_id":"5ebd3127ec543880143e9c96","start_turn":3},{"convo_id":"5ebd3053a3a139a819de907b","start_turn":1},{"convo_id":"5ebd2e75ffcebc09d9057ca3","start_turn":1},{"convo_id":"5ec27f79f9a9602855e9d9ee","start_turn":3},{"convo_id":"5ec27eef44ab7a43112d0f66","start_turn":5},{"convo_id":"5ebd30fc6a0793490b70ff33","start_turn":5},{"convo_id":"5ebd3053a3a139a819de907c","start_turn":3},{"convo_id":"5ebd3089e54e68e72029bc18","start_turn":5},{"convo_id":"5ec27f78f9a9602855e9d9ea","start_turn":3},{"convo_id":"5ebd312aec543880143e9c9d","start_turn":3},{"convo_id":"5ec27fd04aa0630fb151a1b9","start_turn":3},{"convo_id":"5ebd2e79ffcebc09d9057cf3","start_turn":1},{"convo_id":"5ebd2e78ffcebc09d9057cea","start_turn":3}]}
{"_id":{"$oid":"5ec296083ac3c097c53cfb20"},"package":[{"convo_id":"5ebd312aec543880143e9ca1","start_turn":1},{"convo_id":"5ebd2e77ffcebc09d9057cd1","start_turn":3},{"convo_id":"5ebd301c86d4b019da00aca6","start_turn":5},{"convo_id":"5ebd2e79ffcebc09d9057cfb","start_turn":1},{"convo_id":"5ebd30c3da43142f74472e1b","start_turn":3},{"convo_id":"5ec27f34f81a26eeff5b9b9c","start_turn":5},{"convo_id":"5ec27f79f9a9602855e9d9f5","start_turn":3},{"convo_id":"5ebd3129ec543880143e9c99","start_turn":1},{"convo_id":"5ec27eef44ab7a43112d0f62","start_turn":1},{"convo_id":"5ebd3129ec543880143e9c9a","start_turn":1},{"convo_id":"5ebd3053a3a139a819de9078","start_turn":1},{"convo_id":"5ebd3053a3a139a819de907e","start_turn":3},{"convo_id":"5ec27eee44ab7a43112d0f5b","start_turn":1},{"convo_id":"5ec27eee44ab7a43112d0f5d","start_turn":3},{"convo_id":"5ebd3089e54e68e72029bc17","start_turn":1},{"convo_id":"5ebd30fc6a0793490b70ff35","start_turn":5},{"convo_id":"5ebd301d86d4b019da00acac","start_turn":5},{"convo_id":"5ebd30fb6a0793490b70ff2f","start_turn":5},{"convo_id":"5ebd3053a3a139a819de907c","start_turn":5},{"convo_id":"5ebd2e75ffcebc09d9057cb2","start_turn":3},{"convo_id":"5ebd2e78ffcebc09d9057ce9","start_turn":1}]}
{"_id":{"$oid":"5ec296083ac3c097c53cfb21"},"package":[{"convo_id":"5ec27f79f9a9602855e9d9f0","start_turn":5},{"convo_id":"5ec27f78f9a9602855e9d9ea","start_turn":5},{"convo_id":"5ebd312aec543880143e9ca3","start_turn":3},{"convo_id":"5ec27f79f9a9602855e9d9f1","start_turn":3},{"convo_id":"5ebd30fc6a0793490b70ff34","start_turn":1},{"convo_id":"5ec27f79f9a9602855e9d9f4","start_turn":3},{"convo_id":"5ec27f79f9a9602855e9d9f3","start_turn":1},{"convo_id":"5ebd3089e54e68e72029bc18","start_turn":1},{"convo_id":"5ebd2e78ffcebc09d9057ce3","start_turn":3},{"convo_id":"5ec27f34f81a26eeff5b9b9f","start_turn":1},{"convo_id":"5ec27fd04aa0630fb151a1bc","start_turn":1},{"convo_id":"5ec27f34f81a26eeff5b9ba0","start_turn":3},{"convo_id":"5ebd308ae54e68e72029bc22","start_turn":3},{"convo_id":"5ebd2e76ffcebc09d9057cbb","start_turn":3},{"convo_id":"5ec27f34f81a26eeff5b9ba3","start_turn":1},{"convo_id":"5ebd301c86d4b019da00aca4","start_turn":1},{"convo_id":"5ebd301c86d4b019da00aca3","start_turn":3},{"convo_id":"5ec27fd04aa0630fb151a1b6","start_turn":5},{"convo_id":"5ebd30fc6a0793490b70ff3a","start_turn":1},{"convo_id":"5ebd308ae54e68e72029bc1a","start_turn":1},{"convo_id":"5ebd30c3da43142f74472e21","start_turn":3},{"convo_id":"5ebd3129ec543880143e9c98","start_turn":3},{"convo_id":"5ebd2e75ffcebc09d9057cb1","start_turn":3}]}
{"_id":{"$oid":"5ec296083ac3c097c53cfb22"},"package":[{"convo_id":"5ebd2e76ffcebc09d9057cb6","start_turn":1},{"convo_id":"5ebd2e79ffcebc09d9057cf3","start_turn":3},{"convo_id":"5ebd2e76ffcebc09d9057cc1","start_turn":3},{"convo_id":"5ec27eee44ab7a43112d0f59","start_turn":5},{"convo_id":"5ebd30c3da43142f74472e19","start_turn":3},{"convo_id":"5ebd30c3da43142f74472e1f","start_turn":5},{"convo_id":"5ebd30fb6a0793490b70ff30","start_turn":3},{"convo_id":"5ebd301c86d4b019da00aca2","start_turn":3},{"convo_id":"5ebd3053a3a139a819de9076","start_turn":1},{"convo_id":"5ebd312aec543880143e9c9d","start_turn":1},{"convo_id":"5ebd312aec543880143e9ca0","start_turn":3},{"convo_id":"5ebd30c3da43142f74472e1d","start_turn":1},{"convo_id":"5ebd3053a3a139a819de9079","start_turn":5},{"convo_id":"5ebd30c3da43142f74472e20","start_turn":5},{"convo_id":"5ebd30c3da43142f74472e1a","start_turn":1},{"convo_id":"5ec27f34f81a26eeff5b9b9b","start_turn":3},{"convo_id":"5ebd308ae54e68e72029bc1b","start_turn":3},{"convo_id":"5ebd2e75ffcebc09d9057cad","start_turn":1},{"convo_id":"5ec27f34f81a26eeff5b9b9d","start_turn":5},{"convo_id":"5ec27eee44ab7a43112d0f5c","start_turn":1},{"convo_id":"5ec27fd04aa0630fb151a1bf","start_turn":1},{"convo_id":"5ebd30fc6a0793490b70ff38","start_turn":3}]}
{"_id":{"$oid":"5ec296083ac3c097c53cfb23"},"package":[{"convo_id":"5ebd301086d4b019da00ac9e","start_turn":5},{"convo_id":"5ebd30c3da43142f74472e22","start_turn":1},{"convo_id":"5ebd2e78ffcebc09d9057cea","start_turn":1},{"convo_id":"5ec27f33f81a26eeff5b9b9a","start_turn":3},{"convo_id":"5ec27f34f81a26eeff5b9ba2","start_turn":3},{"convo_id":"5ebd30c3da43142f74472e1e","start_turn":3},{"convo_id":"5ebd30b8da43142f74472e18","start_turn":1},{"convo_id":"5ebd30fc6a0793490b70ff37","start_turn":1},{"convo_id":"5ebd30c4da43142f74472e25","start_turn":5},{"convo_id":"5ec27eef44ab7a43112d0f61","start_turn":3},{"convo_id":"5ebd301c86d4b019da00aca8","start_turn":5},{"convo_id":"5ebd3053a3a139a819de907d","start_turn":3},{"convo_id":"5ec27f33f81a26eeff5b9b99","start_turn":1},{"convo_id":"5ebd301c86d4b019da00aca7","start_turn":5},{"convo_id":"5ec27f5cf9a9602855e9d9e7","start_turn":3},{"convo_id":"5ebd2e77ffcebc09d9057cdb","start_turn":3},{"convo_id":"5ebd312aec543880143e9c9e","start_turn":3},{"convo_id":"5ebd2e78ffcebc09d9057cf0","start_turn":1},{"convo_id":"5ebd30fb6a0793490b70ff31","start_turn":5},{"convo_id":"5ec27fa54aa0630fb151a1b3","start_turn":1},{"convo_id":"5ebd308ae54e68e72029bc1d","start_turn":3},{"convo_id":"5ec27f78f9a9602855e9d9e9","start_turn":1},{"convo_id":"5ebd301c86d4b019da00aca0","start_turn":3}]}
{"_id":{"$oid":"5ec296083ac3c097c53cfb24"},"package":[{"convo_id":"5ebd308ae54e68e72029bc1e","start_turn":5},{"convo_id":"5ebd3053a3a139a819de907f","start_turn":5},{"convo_id":"5ebd308ae54e68e72029bc1c","start_turn":3},{"convo_id":"5ebd304fa3a139a819de9073","start_turn":1},{"convo_id":"5ec27eee44ab7a43112d0f5a","start_turn":3},{"convo_id":"5ebd3053a3a139a819de907b","start_turn":3},{"convo_id":"5ec27fd04aa0630fb151a1bb","start_turn":5},{"convo_id":"5ebd30fb6a0793490b70ff32","start_turn":1},{"convo_id":"5ec27f78f9a9602855e9d9eb","start_turn":5},{"convo_id":"5ebd2e74ffcebc09d9057c9c","start_turn":3},{"convo_id":"5ebd30fc6a0793490b70ff3c","start_turn":1},{"convo_id":"5ebd3054a3a139a819de9080","start_turn":3},{"convo_id":"5ebd2e76ffcebc09d9057cbe","start_turn":3},{"convo_id":"5ebd30c4da43142f74472e24","start_turn":3},{"convo_id":"5ebd3053a3a139a819de907a","start_turn":3},{"convo_id":"5ec27fd04aa0630fb151a1c1","start_turn":5},{"convo_id":"5ebd308ae54e68e72029bc1f","start_turn":5},{"convo_id":"5ebd2e79ffcebc09d9057cf8","start_turn":3},{"convo_id":"5ebd2e79ffcebc09d9057cf7","start_turn":1},{"convo_id":"5ec27f34f81a26eeff5b9ba4","start_turn":1},{"convo_id":"5ebd308ae54e68e72029bc23","start_turn":5},{"convo_id":"5ebd312aec543880143e9ca2","start_turn":1},{"convo_id":"5ebd312aec543880143e9c9c","start_turn":5}]}
{"_id":{"$oid":"5ec296083ac3c097c53cfb25"},"package":[{"convo_id":"5ebd308ae54e68e72029bc20","start_turn":3},{"convo_id":"5ebd308ae54e68e72029bc19","start_turn":3},{"convo_id":"5ebd301c86d4b019da00aca9","start_turn":1},{"convo_id":"5ebd30fc6a0793490b70ff3b","start_turn":1},{"convo_id":"5ebd30c3da43142f74472e1c","start_turn":1},{"convo_id":"5ebd2e77ffcebc09d9057cd0","start_turn":1},{"convo_id":"5ec27fd04aa0630fb151a1b5","start_turn":3},{"convo_id":"5ebd312aec543880143e9c9b","start_turn":1},{"convo_id":"5ebd301c86d4b019da00acaa","start_turn":3},{"convo_id":"5ebd2e75ffcebc09d9057caf","start_turn":5},{"convo_id":"5ebd30fc6a0793490b70ff36","start_turn":5},{"convo_id":"5ec27f79f9a9602855e9d9f2","start_turn":3},{"convo_id":"5ebd308ae54e68e72029bc21","start_turn":3},{"convo_id":"5ec27eee44ab7a43112d0f60","start_turn":1},{"convo_id":"5ebd301c86d4b019da00aca1","start_turn":3},{"convo_id":"5ebd2e75ffcebc09d9057cb3","start_turn":1},{"convo_id":"5ebd301d86d4b019da00acab","start_turn":3},{"convo_id":"5ec27eef44ab7a43112d0f66","start_turn":3},{"convo_id":"5ebd312aec543880143e9ca4","start_turn":1},{"convo_id":"5ebd301c86d4b019da00aca5","start_turn":1},{"convo_id":"5ebd2e75ffcebc09d9057ca8","start_turn":3},{"convo_id":"5ec27fd04aa0630fb151a1c0","start_turn":1},{"convo_id":"5ebd308ae54e68e72029bc24","start_turn":1},{"convo_id":"5ebd2e74ffcebc09d9057c9d","start_turn":1}]}
{"_id":{"$oid":"5ec296083ac3c097c53cfb26"},"package":[{"convo_id":"5ebd30c4da43142f74472e23","start_turn":5},{"convo_id":"5ebd3086e54e68e72029bc16","start_turn":1},{"convo_id":"5ec27eef44ab7a43112d0f65","start_turn":3},{"convo_id":"5ec27f33f81a26eeff5b9b98","start_turn":1},{"convo_id":"5ebd3053a3a139a819de9077","start_turn":1},{"convo_id":"5ebd3129ec543880143e9c97","start_turn":1},{"convo_id":"5ec27eee44ab7a43112d0f5e","start_turn":3},{"convo_id":"5ec27ed044ab7a43112d0f58","start_turn":3},{"convo_id":"5ec27f33f81a26eeff5b9b97","start_turn":3},{"convo_id":"5ec27f78f9a9602855e9d9ec","start_turn":3},{"convo_id":"5ebd3052a3a139a819de9074","start_turn":1},{"convo_id":"5ebd2e78ffcebc09d9057cf1","start_turn":1},{"convo_id":"5ec27fd04aa0630fb151a1be","start_turn":3},{"convo_id":"5ec27fd04aa0630fb151a1b7","start_turn":1},{"convo_id":"5ebd3053a3a139a819de9075","start_turn":1},{"convo_id":"5ec27f79f9a9602855e9d9ef","start_turn":3},{"convo_id":"5ebd30fc6a0793490b70ff33","start_turn":1},{"convo_id":"5ec27f34f81a26eeff5b9ba1","start_turn":1},{"convo_id":"5ebd3054a3a139a819de9081","start_turn":3},{"convo_id":"5ebd30f16a0793490b70ff2e","start_turn":1},{"convo_id":"5ec27f79f9a9602855e9d9ed","start_turn":3}]}
{"_id":{"$oid":"5ec296083ac3c097c53cfb27"},"package":[{"convo_id":"5ec27fd04aa0630fb151a1b9","start_turn":1},{"convo_id":"5ebd3127ec543880143e9c96","start_turn":5},{"convo_id":"5ebd30c4da43142f74472e26","start_turn":5},{"convo_id":"5ebd301c86d4b019da00ac9f","start_turn":1},{"convo_id":"5ebd2e78ffcebc09d9057cf2","start_turn":3},{"convo_id":"5ec27fd04aa0630fb151a1bd","start_turn":3},{"convo_id":"5ec27fd04aa0630fb151a1ba","start_turn":5},{"convo_id":"5ec27f79f9a9602855e9d9ee","start_turn":5},{"convo_id":"5ebd312aec543880143e9c9f","start_turn":3},{"convo_id":"5ebd30fc6a0793490b70ff39","start_turn":5},{"convo_id":"5ec27fd04aa0630fb151a1b8","start_turn":1}]}
{"_id":{"$oid":"5ec296083ac3c097c53cfb28"},"package":[{"convo_id":"5ebd30fc6a0793490b70ff3a","start_turn":3},{"convo_id":"5ebd30fb6a0793490b70ff30","start_turn":1},{"convo_id":"5ebd2e76ffcebc09d9057cc2","start_turn":1},{"convo_id":"5ebd2e74ffcebc09d9057c9d","start_turn":3},{"convo_id":"5ec27f33f81a26eeff5b9b98","start_turn":3},{"convo_id":"5ebd301c86d4b019da00aca8","start_turn":1},{"convo_id":"5ebd30fc6a0793490b70ff36","start_turn":3},{"convo_id":"5ebd3129ec543880143e9c9a","start_turn":3},{"convo_id":"5ec27f33f81a26eeff5b9b9a","start_turn":1},{"convo_id":"5ebd30c3da43142f74472e22","start_turn":3},{"convo_id":"5ec27eef44ab7a43112d0f63","start_turn":3},{"convo_id":"5ec27fd04aa0630fb151a1be","start_turn":1},{"convo_id":"5ebd301c86d4b019da00aca3","start_turn":1},{"convo_id":"5ebd301c86d4b019da00aca9","start_turn":3},{"convo_id":"5ec27f34f81a26eeff5b9b9d","start_turn":1},{"convo_id":"5ebd30fc6a0793490b70ff3c","start_turn":5},{"convo_id":"5ebd30fc6a0793490b70ff33","start_turn":3},{"convo_id":"5ebd312aec543880143e9ca3","start_turn":1},{"convo_id":"5ebd3054a3a139a819de9081","start_turn":1}]}
{"_id":{"$oid":"5ec296083ac3c097c53cfb29"},"package":[{"convo_id":"5ebd308ae54e68e72029bc24","start_turn":5},{"convo_id":"5ebd312aec543880143e9ca2","start_turn":5},{"convo_id":"5ebd30fc6a0793490b70ff3b","start_turn":3},{"convo_id":"5ebd3127ec543880143e9c96","start_turn":1},{"convo_id":"5ebd30c3da43142f74472e1f","start_turn":3},{"convo_id":"5ebd2e78ffcebc09d9057cf1","start_turn":3},{"convo_id":"5ec27fd04aa0630fb151a1b5","start_turn":1},{"convo_id":"5ebd312aec543880143e9c9d","start_turn":5},{"convo_id":"5ebd308ae54e68e72029bc1c","start_turn":5},{"convo_id":"5ebd30f16a0793490b70ff2e","start_turn":5},{"convo_id":"5ebd308ae54e68e72029bc1e","start_turn":1},{"convo_id":"5ebd3053a3a139a819de907e","start_turn":5},{"convo_id":"5ebd3129ec543880143e9c98","start_turn":5},{"convo_id":"5ebd2e76ffcebc09d9057cbe","start_turn":1},{"convo_id":"5ebd2e76ffcebc09d9057cb6","start_turn":5},{"convo_id":"5ec27fd04aa0630fb151a1bd","start_turn":5},{"convo_id":"5ebd2e79ffcebc09d9057cfd","start_turn":3},{"convo_id":"5ebd30c3da43142f74472e1b","start_turn":1},{"convo_id":"5ec27f34f81a26eeff5b9ba0","start_turn":5},{"convo_id":"5ec27eef44ab7a43112d0f65","start_turn":5},{"convo_id":"5ebd308ae54e68e72029bc21","start_turn":5},{"convo_id":"5ebd308ae54e68e72029bc20","start_turn":5},{"convo_id":"5ec27fd04aa0630fb151a1bc","start_turn":3},{"convo_id":"5ec27fcf4aa0630fb151a1b4","start_turn":1}]}
{"_id":{"$oid":"5ec296083ac3c097c53cfb2a"},"package":[{"convo_id":"5ebd30c3da43142f74472e21","start_turn":5},{"convo_id":"5ebd2e77ffcebc09d9057cc9","start_turn":3},{"convo_id":"5ec27f78f9a9602855e9d9e9","start_turn":5},{"convo_id":"5ec27eee44ab7a43112d0f59","start_turn":3},{"convo_id":"5ec27f79f9a9602855e9d9ef","start_turn":1},{"convo_id":"5ec27f17f81a26eeff5b9b96","start_turn":1},{"convo_id":"5ec27fd04aa0630fb151a1c1","start_turn":1},{"convo_id":"5ebd30fc6a0793490b70ff38","start_turn":1},{"convo_id":"5ebd301c86d4b019da00aca5","start_turn":5},{"convo_id":"5ebd308ae54e68e72029bc19","start_turn":1},{"convo_id":"5ec27f79f9a9602855e9d9ee","start_turn":1},{"convo_id":"5ebd312aec543880143e9ca1","start_turn":3},{"convo_id":"5ebd301c86d4b019da00aca4","start_turn":5},{"convo_id":"5ec27f33f81a26eeff5b9b97","start_turn":1},{"convo_id":"5ebd3053a3a139a819de9079","start_turn":3},{"convo_id":"5ebd3053a3a139a819de9075","start_turn":3},{"convo_id":"5ebd308ae54e68e72029bc1a","start_turn":3},{"convo_id":"5ec27f78f9a9602855e9d9ea","start_turn":1},{"convo_id":"5ebd30b8da43142f74472e18","start_turn":3},{"convo_id":"5ebd2e79ffcebc09d9057cf5","start_turn":1},{"convo_id":"5ebd30fc6a0793490b70ff35","start_turn":3}]}
{"_id":{"$oid":"5ec296083ac3c097c53cfb2b"},"package":[{"convo_id":"5ec27eef44ab7a43112d0f64","start_turn":1},{"convo_id":"5ebd301d86d4b019da00acac","start_turn":3},{"convo_id":"5ebd3129ec543880143e9c99","start_turn":3},{"convo_id":"5ebd30fc6a0793490b70ff39","start_turn":1},{"convo_id":"5ebd2e75ffcebc09d9057cb3","start_turn":5},{"convo_id":"5ec27f78f9a9602855e9d9eb","start_turn":3},{"convo_id":"5ebd312aec543880143e9c9e","start_turn":1},{"convo_id":"5ec27f34f81a26eeff5b9b9b","start_turn":5},{"convo_id":"5ebd2e78ffcebc09d9057ce7","start_turn":1},{"convo_id":"5ec27f34f81a26eeff5b9ba2","start_turn":1},{"convo_id":"5ebd2e79ffcebc09d9057cf4","start_turn":3},{"convo_id":"5ec27eef44ab7a43112d0f62","start_turn":5},{"convo_id":"5ebd30fb6a0793490b70ff32","start_turn":5},{"convo_id":"5ebd2e77ffcebc09d9057cd7","start_turn":3}]}
{"_id":{"$oid":"5ec296083ac3c097c53cfb2c"},"package":[{"convo_id":"5ec27f34f81a26eeff5b9ba1","start_turn":3},{"convo_id":"5ebd30c3da43142f74472e1d","start_turn":5},{"convo_id":"5ebd312aec543880143e9ca4","start_turn":5},{"convo_id":"5ebd2e78ffcebc09d9057ce1","start_turn":1},{"convo_id":"5ebd2e75ffcebc09d9057ca8","start_turn":1},{"convo_id":"5ebd301c86d4b019da00aca0","start_turn":1},{"convo_id":"5ec27fd04aa0630fb151a1bb","start_turn":1},{"convo_id":"5ebd308ae54e68e72029bc1f","start_turn":1},{"convo_id":"5ec27fd04aa0630fb151a1b7","start_turn":5},{"convo_id":"5ebd2e77ffcebc09d9057cce","start_turn":1},{"convo_id":"5ebd312aec543880143e9c9b","start_turn":5},{"convo_id":"5ebd30c3da43142f74472e19","start_turn":5},{"convo_id":"5ebd3089e54e68e72029bc18","start_turn":3},{"convo_id":"5ebd3129ec543880143e9c97","start_turn":3},{"convo_id":"5ebd301c86d4b019da00aca6","start_turn":3},{"convo_id":"5ec27f78f9a9602855e9d9ec","start_turn":1},{"convo_id":"5ebd3053a3a139a819de907c","start_turn":1},{"convo_id":"5ec27eee44ab7a43112d0f5e","start_turn":1},{"convo_id":"5ebd3086e54e68e72029bc16","start_turn":5},{"convo_id":"5ebd3053a3a139a819de907f","start_turn":3},{"convo_id":"5ebd2e78ffcebc09d9057ce8","start_turn":1}]}
{"_id":{"$oid":"5ec296083ac3c097c53cfb2d"},"package":[{"convo_id":"5ec27f34f81a26eeff5b9ba4","start_turn":3},{"convo_id":"5ec27fa54aa0630fb151a1b3","start_turn":3},{"convo_id":"5ebd30c3da43142f74472e20","start_turn":3},{"convo_id":"5ebd30c3da43142f74472e1a","start_turn":5},{"convo_id":"5ec27fd04aa0630fb151a1b8","start_turn":3},{"convo_id":"5ebd3053a3a139a819de907a","start_turn":5},{"convo_id":"5ebd30fc6a0793490b70ff37","start_turn":5},{"convo_id":"5ebd30c4da43142f74472e24","start_turn":5},{"convo_id":"5ebd308ae54e68e72029bc22","start_turn":1},{"convo_id":"5ec27eee44ab7a43112d0f5a","start_turn":5},{"convo_id":"5ebd30fb6a0793490b70ff31","start_turn":3},{"convo_id":"5ebd312aec543880143e9c9f","start_turn":5},{"convo_id":"5ec27f79f9a9602855e9d9f4","start_turn":5},{"convo_id":"5ebd2e75ffcebc09d9057caf","start_turn":1},{"convo_id":"5ec27f78f9a9602855e9d9e8","start_turn":1},{"convo_id":"5ebd301c86d4b019da00ac9f","start_turn":5},{"convo_id":"5ebd308ae54e68e72029bc23","start_turn":1},{"convo_id":"5ebd308ae54e68e72029bc1b","start_turn":5},{"convo_id":"5ebd3053a3a139a819de9077","start_turn":3},{"convo_id":"5ec27ed044ab7a43112d0f58","start_turn":1},{"convo_id":"5ec27fd04aa0630fb151a1ba","start_turn":1}]}
{"_id":{"$oid":"5ec296083ac3c097c53cfb2e"},"package":[{"convo_id":"5ebd3053a3a139a819de9078","start_turn":3},{"convo_id":"5ebd2e75ffcebc09d9057cb1","start_turn":1},{"convo_id":"5ec27eef44ab7a43112d0f66","start_turn":1},{"convo_id":"5ebd30c4da43142f74472e23","start_turn":1},{"convo_id":"5ebd30fb6a0793490b70ff2f","start_turn":1},{"convo_id":"5ebd3089e54e68e72029bc17","start_turn":3},{"convo_id":"5ec27f79f9a9602855e9d9f3","start_turn":3},{"convo_id":"5ebd30fc6a0793490b70ff34","start_turn":3},{"convo_id":"5ec27f79f9a9602855e9d9f0","start_turn":1},{"convo_id":"5ebd301c86d4b019da00aca7","start_turn":3},{"convo_id":"5ebd304fa3a139a819de9073","start_turn":3},{"convo_id":"5ec27f34f81a26eeff5b9b9f","start_turn":3},{"convo_id":"5ebd2e79ffcebc09d9057cf3","start_turn":5},{"convo_id":"5ebd301086d4b019da00ac9e","start_turn":3},{"convo_id":"5ebd2e76ffcebc09d9057cb8","start_turn":3},{"convo_id":"5ebd2e78ffcebc09d9057ce9","start_turn":3},{"convo_id":"5ebd312aec543880143e9c9c","start_turn":1},{"convo_id":"5ec27eee44ab7a43112d0f60","start_turn":5},{"convo_id":"5ec27fd04aa0630fb151a1b6","start_turn":1},{"convo_id":"5ebd3053a3a139a819de907d","start_turn":1},{"convo_id":"5ebd3053a3a139a819de9076","start_turn":3},{"convo_id":"5ebd301c86d4b019da00aca2","start_turn":5},{"convo_id":"5ec27eee44ab7a43112d0f5f","start_turn":3},{"convo_id":"5ec27f79f9a9602855e9d9f5","start_turn":1}]}
{"_id":{"$oid":"5ec296083ac3c097c53cfb2f"},"package":[{"convo_id":"5ec27f34f81a26eeff5b9b9c","start_turn":1},{"convo_id":"5ebd2e75ffcebc09d9057cad","start_turn":3},{"convo_id":"5ec27f79f9a9602855e9d9f1","start_turn":1},{"convo_id":"5ec27f5cf9a9602855e9d9e7","start_turn":5},{"convo_id":"5ebd3053a3a139a819de907b","start_turn":5},{"convo_id":"5ec27eee44ab7a43112d0f5b","start_turn":3},{"convo_id":"5ebd30c3da43142f74472e1c","start_turn":3},{"convo_id":"5ebd30c3da43142f74472e1e","start_turn":1},{"convo_id":"5ebd30c4da43142f74472e25","start_turn":3},{"convo_id":"5ec27eee44ab7a43112d0f5d","start_turn":1},{"convo_id":"5ebd312aec543880143e9ca0","start_turn":5},{"convo_id":"5ebd308ae54e68e72029bc1d","start_turn":5},{"convo_id":"5ebd3052a3a139a819de9074","start_turn":5},{"convo_id":"5ebd2e75ffcebc09d9057ca3","start_turn":3},{"convo_id":"5ebd3054a3a139a819de9080","start_turn":1},{"convo_id":"5ebd301c86d4b019da00aca1","start_turn":5},{"convo_id":"5ebd2e75ffcebc09d9057ca9","start_turn":1},{"convo_id":"5ebd301d86d4b019da00acab","start_turn":1},{"convo_id":"5ebd301c86d4b019da00acaa","start_turn":5},{"convo_id":"5ebd30c4da43142f74472e26","start_turn":3},{"convo_id":"5ec27f34f81a26eeff5b9b9e","start_turn":3}]}
{"_id":{"$oid":"5ec2960e1fb32c9cd95a1b46"},"package":[{"convo_id":"5ebd3283937a635ba3106cd4","start_turn":5},{"convo_id":"5ebd2e8b83cd1b035ab1afdb","start_turn":1},{"convo_id":"5ebd3256df908a2c4fdb85f9","start_turn":1},{"convo_id":"5ebd3284937a635ba3106cd9","start_turn":3},{"convo_id":"5ec28135130a9222477d515f","start_turn":1},{"convo_id":"5ebd3284937a635ba3106cdc","start_turn":3},{"convo_id":"5ebd3284937a635ba3106cda","start_turn":5},{"convo_id":"5ebd321f61ae1ffeeabe353f","start_turn":3},{"convo_id":"5ebd2e8b83cd1b035ab1afda","start_turn":3},{"convo_id":"5ec280e5b488875ae12fe82a","start_turn":5},{"convo_id":"5ebd321e61ae1ffeeabe3536","start_turn":1},{"convo_id":"5ec28135130a9222477d5166","start_turn":3},{"convo_id":"5ebd31b05a19079180f5c88d","start_turn":5},{"convo_id":"5ebd3283937a635ba3106cd5","start_turn":3},{"convo_id":"5ec28083f845aee70f463fd6","start_turn":1},{"convo_id":"5ebd31e6ffbc174164868123","start_turn":5},{"convo_id":"5ebd3284937a635ba3106cd7","start_turn":3},{"convo_id":"5ec28059a4971655de063646","start_turn":3},{"convo_id":"5ebd2e8c83cd1b035ab1afeb","start_turn":1},{"convo_id":"5ebd317953092ac022de8cbc","start_turn":1},{"convo_id":"5ebd2e9083cd1b035ab1b034","start_turn":3},{"convo_id":"5ebd31b05a19079180f5c88c","start_turn":1}]}
{"_id":{"$oid":"5ec2960e1fb32c9cd95a1b47"},"package":[{"convo_id":"5ebd3283937a635ba3106cd6","start_turn":5},{"convo_id":"5ec28135130a9222477d5165","start_turn":1},{"convo_id":"5ec28135130a9222477d5160","start_turn":1},{"convo_id":"5ec280e5b488875ae12fe82f","start_turn":3},{"convo_id":"5ec28135130a9222477d5168","start_turn":1},{"convo_id":"5ebd3256df908a2c4fdb85f3","start_turn":5},{"convo_id":"5ebd2e8f83cd1b035ab1b02b","start_turn":5},{"convo_id":"5ec280e5b488875ae12fe82b","start_turn":1},{"convo_id":"5ec28135130a9222477d5161","start_turn":1},{"convo_id":"5ebd2e8c83cd1b035ab1aff1","start_turn":3},{"convo_id":"5ec28059a4971655de063648","start_turn":1},{"convo_id":"5ebd2e8d83cd1b035ab1afff","start_turn":1},{"convo_id":"5ebd321e61ae1ffeeabe3537","start_turn":1},{"convo_id":"5ebd31b05a19079180f5c888","start_turn":1},{"convo_id":"5ebd31b05a19079180f5c890","start_turn":5},{"convo_id":"5ebd31e6ffbc17416486811d","start_turn":3},{"convo_id":"5ebd2e8c83cd1b035ab1afe4","start_turn":1},{"convo_id":"5ebd3255df908a2c4fdb85ef","start_turn":1},{"convo_id":"5ebd31b05a19079180f5c88f","start_turn":5},{"convo_id":"5ebd3284937a635ba3106cdd","start_turn":3},{"convo_id":"5ec280a0f845aee70f463fd9","start_turn":3},{"convo_id":"5ebd317953092ac022de8cc2","start_turn":3},{"convo_id":"5ebd317953092ac022de8cb8","start_turn":3}]}
{"_id":{"$oid":"5ec2960e1fb32c9cd95a1b48"},"package":[{"convo_id":"5ebd2e8c83cd1b035ab1afea","start_turn":1},{"convo_id":"5ec2805aa4971655de06364e","start_turn":3},{"convo_id":"5ebd317a53092ac022de8cc4","start_turn":3},{"convo_id":"5ebd321e61ae1ffeeabe3539","start_turn":3},{"convo_id":"5ec28111130a9222477d515a","start_turn":3},{"convo_id":"5ec28135130a9222477d5163","start_turn":5},{"convo_id":"5ec2803da4971655de063642","start_turn":1},{"convo_id":"5ebd2e8e83cd1b035ab1b016","start_turn":3},{"convo_id":"5ebd317953092ac022de8cbf","start_turn":5},{"convo_id":"5ebd31e6ffbc174164868122","start_turn":1},{"convo_id":"5ebd321f61ae1ffeeabe353e","start_turn":3},{"convo_id":"5ebd2e8d83cd1b035ab1affe","start_turn":1},{"convo_id":"5ebd2e8d83cd1b035ab1aff9","start_turn":3}]}
{"_id":{"$oid":"5ec2960e1fb32c9cd95a1b49"},"package":[{"convo_id":"5ebd2e8f83cd1b035ab1b02e","start_turn":1},{"convo_id":"5ec28059a4971655de063647","start_turn":1},{"convo_id":"5ec2805aa4971655de06364d","start_turn":5},{"convo_id":"5ebd3280937a635ba3106cd2","start_turn":1},{"convo_id":"5ec280a0f845aee70f463fe1","start_turn":3},{"convo_id":"5ebd31e6ffbc17416486811b","start_turn":1},{"convo_id":"5ec28135130a9222477d5164","start_turn":1},{"convo_id":"5ebd2e8c83cd1b035ab1afe1","start_turn":3},{"convo_id":"5ebd31b05a19079180f5c88a","start_turn":1},{"convo_id":"5ec280e4b488875ae12fe827","start_turn":5},{"convo_id":"5ebd31e6ffbc174164868120","start_turn":5},{"convo_id":"5ec2805aa4971655de06364b","start_turn":3},{"convo_id":"5ebd321e61ae1ffeeabe353a","start_turn":1},{"convo_id":"5ebd321f61ae1ffeeabe353c","start_turn":5},{"convo_id":"5ebd31e6ffbc174164868124","start_turn":1},{"convo_id":"5ebd321e61ae1ffeeabe3535","start_turn":5},{"convo_id":"5ebd321e61ae1ffeeabe3538","start_turn":3},{"convo_id":"5ebd3256df908a2c4fdb85f1","start_turn":3},{"convo_id":"5ebd3284937a635ba3106cdf","start_turn":5},{"convo_id":"5ebd317953092ac022de8cb9","start_turn":1},{"convo_id":"5ec280a0f845aee70f463fda","start_turn":5},{"convo_id":"5ebd2e8e83cd1b035ab1b012","start_turn":3}]}
{"_id":{"$oid":"5ec2960e1fb32c9cd95a1b4a"},"package":[{"convo_id":"5ec2809ff845aee70f463fd7","start_turn":5},{"convo_id":"5ec280a0f845aee70f463fde","start_turn":3},{"convo_id":"5ebd31b05a19079180f5c887","start_turn":3},{"convo_id":"5ec28135130a9222477d515d","start_turn":3},{"convo_id":"5ebd3255df908a2c4fdb85ed","start_turn":3},{"convo_id":"5ebd31e6ffbc174164868125","start_turn":3},{"convo_id":"5ebd3284937a635ba3106cdb","start_turn":5},{"convo_id":"5ebd2e8d83cd1b035ab1b000","start_turn":1},{"convo_id":"5ebd3256df908a2c4fdb85f6","start_turn":5},{"convo_id":"5ebd321f61ae1ffeeabe353b","start_turn":3},{"convo_id":"5ec28135130a9222477d5162","start_turn":3},{"convo_id":"5ebd324cdf908a2c4fdb85ec","start_turn":1},{"convo_id":"5ebd3284937a635ba3106ce0","start_turn":5},{"convo_id":"5ebd317953092ac022de8cc0","start_turn":5},{"convo_id":"5ebd321e61ae1ffeeabe3533","start_turn":1},{"convo_id":"5ebd2e8e83cd1b035ab1b00d","start_turn":3},{"convo_id":"5ebd317953092ac022de8cbd","start_turn":5},{"convo_id":"5ebd2e8e83cd1b035ab1b017","start_turn":1},{"convo_id":"5ebd3283937a635ba3106cd3","start_turn":3},{"convo_id":"5ec28059a4971655de063644","start_turn":5},{"convo_id":"5ec280e5b488875ae12fe830","start_turn":1},{"convo_id":"5ebd3256df908a2c4fdb85f5","start_turn":1}]}
{"_id":{"$oid":"5ec2960e1fb32c9cd95a1b4b"},"package":[{"convo_id":"5ebd2e8c83cd1b035ab1afe8","start_turn":3},{"convo_id":"5ebd317953092ac022de8cbe","start_turn":3},{"convo_id":"5ebd2e8f83cd1b035ab1b022","start_turn":3},{"convo_id":"5ebd31b15a19079180f5c892","start_turn":1},{"convo_id":"5ebd317953092ac022de8cc1","start_turn":1},{"convo_id":"5ec28059a4971655de063643","start_turn":3},{"convo_id":"5ebd317a53092ac022de8cc5","start_turn":5},{"convo_id":"5ebd3256df908a2c4fdb85f7","start_turn":1},{"convo_id":"5ec2805aa4971655de063649","start_turn":1},{"convo_id":"5ebd31e6ffbc174164868126","start_turn":5},{"convo_id":"5ebd3256df908a2c4fdb85f2","start_turn":3},{"convo_id":"5ec28134130a9222477d515b","start_turn":1},{"convo_id":"5ebd3284937a635ba3106cde","start_turn":5},{"convo_id":"5ebd31b05a19079180f5c889","start_turn":3},{"convo_id":"5ebd3256df908a2c4fdb85f4","start_turn":1},{"convo_id":"5ec28135130a9222477d515c","start_turn":1},{"convo_id":"5ec280e5b488875ae12fe833","start_turn":3},{"convo_id":"5ec2805aa4971655de063650","start_turn":1},{"convo_id":"5ebd2e8d83cd1b035ab1aff3","start_turn":1},{"convo_id":"5ebd3284937a635ba3106cd8","start_turn":1},{"convo_id":"5ebd2e8d83cd1b035ab1affd","start_turn":3}]}
{"_id":{"$oid":"5ec2960e1fb32c9cd95a1b4c"},"package":[{"convo_id":"5ec280e5b488875ae12fe828","start_turn":5},{"convo_id":"5ebd31b15a19079180f5c894","start_turn":3},{"convo_id":"5ebd2e8d83cd1b035ab1affc","start_turn":3},{"convo_id":"5ebd3256df908a2c4fdb85fa","start_turn":5},{"convo_id":"5ec280a0f845aee70f463fe4","start_turn":3},{"convo_id":"5ebd317953092ac022de8cba","start_turn":1},{"convo_id":"5ebd3256df908a2c4fdb85f0","start_turn":3},{"convo_id":"5ebd321f61ae1ffeeabe353d","start_turn":5},{"convo_id":"5ebd2e8e83cd1b035ab1b011","start_turn":1},{"convo_id":"5ec2805aa4971655de06364a","start_turn":3},{"convo_id":"5ebd31e6ffbc17416486811c","start_turn":5},{"convo_id":"5ebd3255df908a2c4fdb85ee","start_turn":5},{"convo_id":"5ebd321361ae1ffeeabe3532","start_turn":5},{"convo_id":"5ebd31e6ffbc174164868121","start_turn":1},{"convo_id":"5ec280a0f845aee70f463fe3","start_turn":3},{"convo_id":"5ebd2e8f83cd1b035ab1b01a","start_turn":3},{"convo_id":"5ec280e5b488875ae12fe82e","start_turn":3},{"convo_id":"5ebd321f61ae1ffeeabe3540","start_turn":3},{"convo_id":"5ec280e4b488875ae12fe826","start_turn":3},{"convo_id":"5ebd31e2ffbc174164868118","start_turn":1},{"convo_id":"5ebd31e5ffbc17416486811a","start_turn":5}]}
{"_id":{"$oid":"5ec2960e1fb32c9cd95a1b4d"},"package":[{"convo_id":"5ebd31b15a19079180f5c893","start_turn":3},{"convo_id":"5ebd31b15a19079180f5c891","start_turn":1},{"convo_id":"5ebd3256df908a2c4fdb85f8","start_turn":1},{"convo_id":"5ec280a0f845aee70f463fe2","start_turn":3},{"convo_id":"5ec280a0f845aee70f463fdb","start_turn":1},{"convo_id":"5ebd31e5ffbc174164868119","start_turn":1},{"convo_id":"5ebd31b05a19079180f5c88b","start_turn":1},{"convo_id":"5ebd317953092ac022de8cbb","start_turn":5},{"convo_id":"5ec280c8b488875ae12fe825","start_turn":3},{"convo_id":"5ebd31e6ffbc17416486811e","start_turn":5},{"convo_id":"5ebd317a53092ac022de8cc3","start_turn":3},{"convo_id":"5ebd321e61ae1ffeeabe3534","start_turn":5},{"convo_id":"5ebd2e8e83cd1b035ab1b018","start_turn":3},{"convo_id":"5ebd31e6ffbc17416486811f","start_turn":5},{"convo_id":"5ebd316853092ac022de8cb7","start_turn":1},{"convo_id":"5ec28135130a9222477d5167","start_turn":3},{"convo_id":"5ec280a0f845aee70f463fdc","start_turn":3},{"convo_id":"5ebd31ac5a19079180f5c886","start_turn":5},{"convo_id":"5ec280e5b488875ae12fe831","start_turn":3},{"convo_id":"5ec2805aa4971655de06364f","start_turn":5},{"convo_id":"5ebd31b05a19079180f5c88e","start_turn":3}]}
{"_id":{"$oid":"5ec2960e1fb32c9cd95a1b4e"},"package":[{"convo_id":"5ebd31e6ffbc17416486811f","start_turn":3},{"convo_id":"5ebd3284937a635ba3106cde","start_turn":1},{"convo_id":"5ec280e5b488875ae12fe832","start_turn":3},{"convo_id":"5ec28135130a9222477d5168","start_turn":3},{"convo_id":"5ec280e5b488875ae12fe828","start_turn":3},{"convo_id":"5ec2805aa4971655de06364c","start_turn":3},{"convo_id":"5ec280e5b488875ae12fe830","start_turn":5},{"convo_id":"5ec28059a4971655de063644","start_turn":3},{"convo_id":"5ebd31b15a19079180f5c892","start_turn":3},{"convo_id":"5ebd2e8f83cd1b035ab1b01f","start_turn":3},{"convo_id":"5ec280a0f845aee70f463fe0","start_turn":1},{"convo_id":"5ec28059a4971655de063647","start_turn":3},{"convo_id":"5ebd3256df908a2c4fdb85f2","start_turn":1},{"convo_id":"5ebd3284937a635ba3106cda","start_turn":3},{"convo_id":"5ebd317953092ac022de8cb9","start_turn":3},{"convo_id":"5ebd324cdf908a2c4fdb85ec","start_turn":5},{"convo_id":"5ebd3256df908a2c4fdb85f4","start_turn":3},{"convo_id":"5ec2805aa4971655de063650","start_turn":5},{"convo_id":"5ebd3256df908a2c4fdb85f9","start_turn":3},{"convo_id":"5ebd2e8f83cd1b035ab1b02a","start_turn":1},{"convo_id":"5ebd2e8d83cd1b035ab1affe","start_turn":5},{"convo_id":"5ebd3256df908a2c4fdb85f6","start_turn":3},{"convo_id":"5ec280e4b488875ae12fe826","start_turn":1}]}
{"_id":{"$oid":"5ec2960e1fb32c9cd95a1b4f"},"package":[{"convo_id":"5ebd3280937a635ba3106cd2","start_turn":5},{"convo_id":"5ec28059a4971655de063643","start_turn":1},{"convo_id":"5ebd31b15a19079180f5c891","start_turn":3},{"convo_id":"5ebd3283937a635ba3106cd5","start_turn":5},{"convo_id":"5ebd317953092ac022de8cb8","start_turn":1},{"convo_id":"5ebd2e8f83cd1b035ab1b020","start_turn":1},{"convo_id":"5ebd3284937a635ba3106cdb","start_turn":3},{"convo_id":"5ebd31b05a19079180f5c88c","start_turn":5},{"convo_id":"5ec280e5b488875ae12fe82a","start_turn":3},{"convo_id":"5ebd31b05a19079180f5c890","start_turn":3},{"convo_id":"5ec2805aa4971655de06364f","start_turn":3},{"convo_id":"5ebd321f61ae1ffeeabe3540","start_turn":1},{"convo_id":"5ec28135130a9222477d515e","start_turn":3},{"convo_id":"5ec28135130a9222477d5165","start_turn":3},{"convo_id":"5ec280e4b488875ae12fe827","start_turn":1},{"convo_id":"5ebd31e2ffbc174164868118","start_turn":3},{"convo_id":"5ec28059a4971655de063646","start_turn":1},{"convo_id":"5ebd321e61ae1ffeeabe3538","start_turn":5},{"convo_id":"5ebd3255df908a2c4fdb85ed","start_turn":5},{"convo_id":"5ebd321f61ae1ffeeabe353c","start_turn":3},{"convo_id":"5ebd2e8b83cd1b035ab1afd9","start_turn":1},{"convo_id":"5ebd31e6ffbc174164868125","start_turn":5}]}
{"_id":{"$oid":"5ec2960e1fb32c9cd95a1b50"},"package":[{"convo_id":"5ec28135130a9222477d5167","start_turn":1},{"convo_id":"5ec28135130a9222477d515f","start_turn":3},{"convo_id":"5ebd317953092ac022de8cba","start_turn":3},{"convo_id":"5ebd2e8c83cd1b035ab1aff2","start_turn":3},{"convo_id":"5ebd31b05a19079180f5c888","start_turn":5},{"convo_id":"5ec28135130a9222477d5162","start_turn":1},{"convo_id":"5ec280a0f845aee70f463fe1","start_turn":1},{"convo_id":"5ec2809ff845aee70f463fd7","start_turn":3},{"convo_id":"5ebd31b05a19079180f5c88f","start_turn":3},{"convo_id":"5ebd3256df908a2c4fdb85f5","start_turn":3},{"convo_id":"5ec280e5b488875ae12fe829","start_turn":1},{"convo_id":"5ebd2e8d83cd1b035ab1aff3","start_turn":3},{"convo_id":"5ebd31e6ffbc17416486811d","start_turn":1},{"convo_id":"5ec28111130a9222477d515a","start_turn":1},{"convo_id":"5ec280c8b488875ae12fe825","start_turn":1},{"convo_id":"5ebd321f61ae1ffeeabe353d","start_turn":1},{"convo_id":"5ebd317953092ac022de8cbc","start_turn":5},{"convo_id":"5ebd2e8b83cd1b035ab1afdc","start_turn":3},{"convo_id":"5ebd31b05a19079180f5c889","start_turn":1},{"convo_id":"5ebd2e8f83cd1b035ab1b027","start_turn":1},{"convo_id":"5ebd31e6ffbc17416486811c","start_turn":3}]}
{"_id":{"$oid":"5ec2960e1fb32c9cd95a1b51"},"package":[{"convo_id":"5ebd3256df908a2c4fdb85f1","start_turn":5},{"convo_id":"5ebd2e8c83cd1b035ab1aff1","start_turn":1},{"convo_id":"5ebd317953092ac022de8cc1","start_turn":5},{"convo_id":"5ebd321f61ae1ffeeabe353e","start_turn":1},{"convo_id":"5ebd31e6ffbc17416486811e","start_turn":3},{"convo_id":"5ebd3256df908a2c4fdb85f8","start_turn":3},{"convo_id":"5ebd2e8f83cd1b035ab1b02e","start_turn":3},{"convo_id":"5ebd3284937a635ba3106cdf","start_turn":3},{"convo_id":"5ec28135130a9222477d5164","start_turn":3},{"convo_id":"5ebd321f61ae1ffeeabe353f","start_turn":5},{"convo_id":"5ebd316853092ac022de8cb7","start_turn":5},{"convo_id":"5ebd3284937a635ba3106cdd","start_turn":1},{"convo_id":"5ec28059a4971655de063645","start_turn":1},{"convo_id":"5ebd31e6ffbc17416486811b","start_turn":3},{"convo_id":"5ebd3256df908a2c4fdb85f0","start_turn":5},{"convo_id":"5ec28059a4971655de063648","start_turn":3},{"convo_id":"5ebd317953092ac022de8cc0","start_turn":1},{"convo_id":"5ebd3284937a635ba3106ce0","start_turn":3},{"convo_id":"5ebd31e5ffbc17416486811a","start_turn":1},{"convo_id":"5ec280e5b488875ae12fe82b","start_turn":5},{"convo_id":"5ebd2e8f83cd1b035ab1b02f","start_turn":3},{"convo_id":"5ebd31b05a19079180f5c887","start_turn":5},{"convo_id":"5ec2809ff845aee70f463fd8","start_turn":3}]}
{"_id":{"$oid":"5ec2960e1fb32c9cd95a1b52"},"package":[{"convo_id":"5ec280a0f845aee70f463fda","start_turn":3},{"convo_id":"5ebd2e8f83cd1b035ab1b022","start_turn":1},{"convo_id":"5ebd3284937a635ba3106cd7","start_turn":5},{"convo_id":"5ebd3256df908a2c4fdb85fa","start_turn":3},{"convo_id":"5ec280e5b488875ae12fe831","start_turn":5},{"convo_id":"5ec2805aa4971655de06364d","start_turn":3},{"convo_id":"5ec280a0f845aee70f463fdc","start_turn":5},{"convo_id":"5ebd31ac5a19079180f5c886","start_turn":1},{"convo_id":"5ec280a0f845aee70f463fd9","start_turn":1},{"convo_id":"5ebd2e9083cd1b035ab1b034","start_turn":1},{"convo_id":"5ebd3284937a635ba3106cdc","start_turn":5},{"convo_id":"5ebd317a53092ac022de8cc3","start_turn":5},{"convo_id":"5ebd3256df908a2c4fdb85f7","start_turn":3},{"convo_id":"5ebd2e8d83cd1b035ab1afff","start_turn":3},{"convo_id":"5ebd3283937a635ba3106cd3","start_turn":1},{"convo_id":"5ebd31b15a19079180f5c893","start_turn":5},{"convo_id":"5ebd31b05a19079180f5c88d","start_turn":1},{"convo_id":"5ebd31b05a19079180f5c88e","start_turn":5},{"convo_id":"5ec280a0f845aee70f463fdf","start_turn":3},{"convo_id":"5ebd31b15a19079180f5c894","start_turn":5},{"convo_id":"5ebd3283937a635ba3106cd6","start_turn":1},{"convo_id":"5ec280a0f845aee70f463fdd","start_turn":3},{"convo_id":"5ec28135130a9222477d5160","start_turn":3}]}
{"_id":{"$oid":"5ec2960e1fb32c9cd95a1b53"},"package":[{"convo_id":"5ebd31e6ffbc174164868124","start_turn":3},{"convo_id":"5ebd321e61ae1ffeeabe3536","start_turn":3},{"convo_id":"5ec280a0f845aee70f463fe4","start_turn":5},{"convo_id":"5ebd31e5ffbc174164868119","start_turn":3},{"convo_id":"5ec280a0f845aee70f463fdb","start_turn":3},{"convo_id":"5ebd2e8b83cd1b035ab1afda","start_turn":1},{"convo_id":"5ebd2e8b83cd1b035ab1afdb","start_turn":3},{"convo_id":"5ebd3283937a635ba3106cd4","start_turn":1},{"convo_id":"5ebd3284937a635ba3106cd8","start_turn":3},{"convo_id":"5ec28135130a9222477d515c","start_turn":5},{"convo_id":"5ebd31b05a19079180f5c88a","start_turn":5},{"convo_id":"5ebd2e9083cd1b035ab1b039","start_turn":1},{"convo_id":"5ebd2e8c83cd1b035ab1afe4","start_turn":3},{"convo_id":"5ebd321e61ae1ffeeabe3537","start_turn":5},{"convo_id":"5ebd321e61ae1ffeeabe3534","start_turn":3},{"convo_id":"5ec2805aa4971655de06364b","start_turn":1},{"convo_id":"5ebd317953092ac022de8cbd","start_turn":1},{"convo_id":"5ebd317a53092ac022de8cc5","start_turn":3},{"convo_id":"5ec2803da4971655de063642","start_turn":3},{"convo_id":"5ebd321e61ae1ffeeabe3535","start_turn":1},{"convo_id":"5ebd321e61ae1ffeeabe3533","start_turn":3},{"convo_id":"5ebd317953092ac022de8cbb","start_turn":1},{"convo_id":"5ec2805aa4971655de063649","start_turn":3}]}
{"_id":{"$oid":"5ec2960e1fb32c9cd95a1b54"},"package":[{"convo_id":"5ebd321f61ae1ffeeabe353b","start_turn":1},{"convo_id":"5ebd2e8e83cd1b035ab1b016","start_turn":1},{"convo_id":"5ebd31e6ffbc174164868121","start_turn":5},{"convo_id":"5ebd2e8c83cd1b035ab1afec","start_turn":1},{"convo_id":"5ebd3255df908a2c4fdb85ee","start_turn":1},{"convo_id":"5ec28134130a9222477d515b","start_turn":3},{"convo_id":"5ebd31e6ffbc174164868120","start_turn":1},{"convo_id":"5ebd3256df908a2c4fdb85f3","start_turn":3},{"convo_id":"5ec280a0f845aee70f463fe2","start_turn":5},{"convo_id":"5ebd321e61ae1ffeeabe353a","start_turn":3},{"convo_id":"5ebd3255df908a2c4fdb85ef","start_turn":3},{"convo_id":"5ebd321e61ae1ffeeabe3539","start_turn":1},{"convo_id":"5ebd317953092ac022de8cc2","start_turn":1},{"convo_id":"5ebd317953092ac022de8cbf","start_turn":1},{"convo_id":"5ebd2e8d83cd1b035ab1affa","start_turn":1},{"convo_id":"5ec280e5b488875ae12fe82c","start_turn":1},{"convo_id":"5ec2805aa4971655de06364a","start_turn":1},{"convo_id":"5ec280e5b488875ae12fe833","start_turn":5}]}
{"_id":{"$oid":"5ec2960e1fb32c9cd95a1b55"},"package":[{"convo_id":"5ebd31e6ffbc174164868126","start_turn":3},{"convo_id":"5ebd317953092ac022de8cbe","start_turn":1},{"convo_id":"5ebd2e8e83cd1b035ab1b012","start_turn":5},{"convo_id":"5ebd2e8d83cd1b035ab1affc","start_turn":1},{"convo_id":"5ec280e5b488875ae12fe82d","start_turn":3},{"convo_id":"5ebd3284937a635ba3106cd9","start_turn":5},{"convo_id":"5ebd2e8c83cd1b035ab1afe1","start_turn":1},{"convo_id":"5ebd2e8c83cd1b035ab1afef","start_turn":1},{"convo_id":"5ebd31e6ffbc174164868123","start_turn":1},{"convo_id":"5ebd317a53092ac022de8cc4","start_turn":5},{"convo_id":"5ebd31b05a19079180f5c88b","start_turn":5},{"convo_id":"5ebd2e8f83cd1b035ab1b02b","start_turn":3},{"convo_id":"5ebd31e6ffbc174164868122","start_turn":5},{"convo_id":"5ec28135130a9222477d5163","start_turn":3},{"convo_id":"5ebd321361ae1ffeeabe3532","start_turn":3}]}
{"_id":{"$oid":"5ec2960e1fb32c9cd95a1b56"},"package":[{"convo_id":"5ec280a0f845aee70f463fdd","start_turn":1},{"convo_id":"5ebd3284937a635ba3106cdc","start_turn":1},{"convo_id":"5ebd321f61ae1ffeeabe353f","start_turn":1},{"convo_id":"5ebd2e8e83cd1b035ab1b012","start_turn":1},{"convo_id":"5ec280c8b488875ae12fe825","start_turn":5},{"convo_id":"5ebd2e9083cd1b035ab1b039","start_turn":3},{"convo_id":"5ec280e5b488875ae12fe829","start_turn":3},{"convo_id":"5ebd2e8d83cd1b035ab1affe","start_turn":3},{"convo_id":"5ebd31e6ffbc17416486811f","start_turn":1},{"convo_id":"5ebd2e8d83cd1b035ab1afff","start_turn":5},{"convo_id":"5ec2805aa4971655de06364e","start_turn":1}]}
{"_id":{"$oid":"5ec2960e1fb32c9cd95a1b57"},"package":[{"convo_id":"5ebd3284937a635ba3106cda","start_turn":1},{"convo_id":"5ebd3280937a635ba3106cd2","start_turn":3},{"convo_id":"5ebd321f61ae1ffeeabe353e","start_turn":5},{"convo_id":"5ec280e5b488875ae12fe82e","start_turn":1},{"convo_id":"5ebd31b15a19079180f5c894","start_turn":1},{"convo_id":"5ebd31b05a19079180f5c889","start_turn":5},{"convo_id":"5ec280e5b488875ae12fe82a","start_turn":1},{"convo_id":"5ebd3255df908a2c4fdb85ee","start_turn":3},{"convo_id":"5ebd31ac5a19079180f5c886","start_turn":3},{"convo_id":"5ec280a0f845aee70f463fda","start_turn":1},{"convo_id":"5ebd3256df908a2c4fdb85f5","start_turn":5},{"convo_id":"5ebd2e8c83cd1b035ab1afea","start_turn":3},{"convo_id":"5ec2805aa4971655de06364c","start_turn":1},{"convo_id":"5ebd2e8c83cd1b035ab1afe8","start_turn":1},{"convo_id":"5ec280e5b488875ae12fe828","start_turn":1},{"convo_id":"5ebd3283937a635ba3106cd5","start_turn":1},{"convo_id":"5ec280e5b488875ae12fe82b","start_turn":3},{"convo_id":"5ebd317953092ac022de8cb9","start_turn":5},{"convo_id":"5ebd317a53092ac022de8cc4","start_turn":1},{"convo_id":"5ebd2e8f83cd1b035ab1b01f","start_turn":1},{"convo_id":"5ec280e5b488875ae12fe82c","start_turn":3},{"convo_id":"5ebd3256df908a2c4fdb85f8","start_turn":5}]}
{"_id":{"$oid":"5ec2960e1fb32c9cd95a1b58"},"package":[{"convo_id":"5ebd31e5ffbc174164868119","start_turn":5},{"convo_id":"5ebd321e61ae1ffeeabe353a","start_turn":5},{"convo_id":"5ebd31e6ffbc174164868126","start_turn":1},{"convo_id":"5ebd3284937a635ba3106cde","start_turn":3},{"convo_id":"5ebd321e61ae1ffeeabe3538","start_turn":1},{"convo_id":"5ebd31e6ffbc17416486811d","start_turn":5},{"convo_id":"5ebd317953092ac022de8cc0","start_turn":3},{"convo_id":"5ebd31b15a19079180f5c892","start_turn":5},{"convo_id":"5ebd31e6ffbc17416486811e","start_turn":1},{"convo_id":"5ebd317953092ac022de8cc1","start_turn":3},{"convo_id":"5ec28083f845aee70f463fd6","start_turn":3},{"convo_id":"5ebd2e8e83cd1b035ab1b00d","start_turn":1},{"convo_id":"5ebd31e6ffbc174164868123","start_turn":3},{"convo_id":"5ebd2e8e83cd1b035ab1b018","start_turn":1},{"convo_id":"5ebd3256df908a2c4fdb85f2","start_turn":5},{"convo_id":"5ebd3256df908a2c4fdb85f4","start_turn":5},{"convo_id":"5ebd2e8d83cd1b035ab1aff9","start_turn":1},{"convo_id":"5ebd3256df908a2c4fdb85f9","start_turn":5},{"convo_id":"5ec28135130a9222477d5166","start_turn":1},{"convo_id":"5ebd31b05a19079180f5c88e","start_turn":1},{"convo_id":"5ec28059a4971655de063645","start_turn":3}]}
{"_id":{"$oid":"5ec2960e1fb32c9cd95a1b59"},"package":[{"convo_id":"5ebd3283937a635ba3106cd4","start_turn":3},{"convo_id":"5ebd321f61ae1ffeeabe353d","start_turn":3},{"convo_id":"5ebd31e5ffbc17416486811a","start_turn":3},{"convo_id":"5ebd2e8f83cd1b035ab1b027","start_turn":3},{"convo_id":"5ebd3284937a635ba3106cd7","start_turn":1},{"convo_id":"5ebd3256df908a2c4fdb85f7","start_turn":5},{"convo_id":"5ebd317a53092ac022de8cc5","start_turn":1},{"convo_id":"5ec280e4b488875ae12fe827","start_turn":3},{"convo_id":"5ec280a0f845aee70f463fdc","start_turn":1},{"convo_id":"5ebd2e8f83cd1b035ab1b02f","start_turn":1},{"convo_id":"5ec28135130a9222477d5161","start_turn":3},{"convo_id":"5ebd3255df908a2c4fdb85ed","start_turn":1},{"convo_id":"5ebd324cdf908a2c4fdb85ec","start_turn":3},{"convo_id":"5ec280a0f845aee70f463fde","start_turn":1},{"convo_id":"5ec28059a4971655de063648","start_turn":5},{"convo_id":"5ebd31e6ffbc17416486811b","start_turn":5},{"convo_id":"5ebd31b05a19079180f5c890","start_turn":1},{"convo_id":"5ebd321361ae1ffeeabe3532","start_turn":1},{"convo_id":"5ec2805aa4971655de06364f","start_turn":1}]}
{"_id":{"$oid":"5ec2960e1fb32c9cd95a1b5a"},"package":[{"convo_id":"5ec2809ff845aee70f463fd7","start_turn":1},{"convo_id":"5ec280e5b488875ae12fe833","start_turn":1},{"convo_id":"5ebd2e8d83cd1b035ab1affd","start_turn":1},{"convo_id":"5ebd31b05a19079180f5c88c","start_turn":3},{"convo_id":"5ebd316853092ac022de8cb7","start_turn":3},{"convo_id":"5ec28135130a9222477d5163","start_turn":1},{"convo_id":"5ebd31e2ffbc174164868118","start_turn":5},{"convo_id":"5ebd321e61ae1ffeeabe3533","start_turn":5},{"convo_id":"5ec280e5b488875ae12fe82d","start_turn":1},{"convo_id":"5ebd3256df908a2c4fdb85fa","start_turn":1},{"convo_id":"5ec280e5b488875ae12fe82f","start_turn":1},{"convo_id":"5ebd321e61ae1ffeeabe3534","start_turn":1},{"convo_id":"5ebd2e8b83cd1b035ab1afd9","start_turn":3},{"convo_id":"5ec2805aa4971655de06364d","start_turn":1},{"convo_id":"5ebd317953092ac022de8cbc","start_turn":3},{"convo_id":"5ebd3284937a635ba3106cdd","start_turn":5},{"convo_id":"5ebd317953092ac022de8cbe","start_turn":5},{"convo_id":"5ebd3256df908a2c4fdb85f6","start_turn":1},{"convo_id":"5ebd2e8e83cd1b035ab1b011","start_turn":3},{"convo_id":"5ebd3256df908a2c4fdb85f1","start_turn":1},{"convo_id":"5ec2805aa4971655de063650","start_turn":3},{"convo_id":"5ebd3284937a635ba3106ce0","start_turn":1},{"convo_id":"5ebd2e8c83cd1b035ab1afeb","start_turn":3},{"convo_id":"5ebd2e8d83cd1b035ab1b000","start_turn":3}]}
{"_id":{"$oid":"5ec2960e1fb32c9cd95a1b5b"},"package":[{"convo_id":"5ebd3283937a635ba3106cd6","start_turn":3},{"convo_id":"5ebd3284937a635ba3106cd9","start_turn":1},{"convo_id":"5ebd321e61ae1ffeeabe3535","start_turn":3},{"convo_id":"5ec28135130a9222477d515d","start_turn":1},{"convo_id":"5ebd321e61ae1ffeeabe3537","start_turn":3},{"convo_id":"5ebd2e8d83cd1b035ab1affa","start_turn":3},{"convo_id":"5ebd31e6ffbc174164868121","start_turn":3},{"convo_id":"5ebd31b05a19079180f5c88f","start_turn":1},{"convo_id":"5ebd317953092ac022de8cbd","start_turn":3},{"convo_id":"5ebd31e6ffbc174164868122","start_turn":3},{"convo_id":"5ebd31b05a19079180f5c88d","start_turn":3},{"convo_id":"5ebd317953092ac022de8cb8","start_turn":5},{"convo_id":"5ebd2e8f83cd1b035ab1b02a","start_turn":3},{"convo_id":"5ebd2e8c83cd1b035ab1aff2","start_turn":1},{"convo_id":"5ebd3284937a635ba3106cdb","start_turn":1},{"convo_id":"5ec2803da4971655de063642","start_turn":5},{"convo_id":"5ebd31e6ffbc17416486811c","start_turn":1},{"convo_id":"5ebd3283937a635ba3106cd3","start_turn":5},{"convo_id":"5ebd31b05a19079180f5c887","start_turn":1},{"convo_id":"5ebd31e6ffbc174164868125","start_turn":1},{"convo_id":"5ebd321f61ae1ffeeabe353c","start_turn":1},{"convo_id":"5ec2809ff845aee70f463fd8","start_turn":1}]}
{"_id":{"$oid":"5ec2960e1fb32c9cd95a1b5c"},"package":[{"convo_id":"5ec28135130a9222477d515c","start_turn":3},{"convo_id":"5ebd317953092ac022de8cba","start_turn":5},{"convo_id":"5ebd321e61ae1ffeeabe3536","start_turn":5},{"convo_id":"5ebd3256df908a2c4fdb85f3","start_turn":1},{"convo_id":"5ec280a0f845aee70f463fe3","start_turn":1},{"convo_id":"5ebd317953092ac022de8cbf","start_turn":3},{"convo_id":"5ebd2e8b83cd1b035ab1afdc","start_turn":1},{"convo_id":"5ebd31e6ffbc174164868120","start_turn":3},{"convo_id":"5ebd2e8e83cd1b035ab1b017","start_turn":3},{"convo_id":"5ebd317a53092ac022de8cc3","start_turn":1},{"convo_id":"5ebd2e8f83cd1b035ab1b020","start_turn":3},{"convo_id":"5ebd317953092ac022de8cc2","start_turn":5},{"convo_id":"5ebd3284937a635ba3106cd8","start_turn":5},{"convo_id":"5ebd317953092ac022de8cbb","start_turn":3},{"convo_id":"5ebd2e8b83cd1b035ab1afda","start_turn":5},{"convo_id":"5ec280e5b488875ae12fe830","start_turn":3},{"convo_id":"5ec280a0f845aee70f463fe4","start_turn":1},{"convo_id":"5ec28134130a9222477d515b","start_turn":5},{"convo_id":"5ec280a0f845aee70f463fe2","start_turn":1},{"convo_id":"5ebd3255df908a2c4fdb85ef","start_turn":5},{"convo_id":"5ebd31b05a19079180f5c88a","start_turn":3}]}
{"_id":{"$oid":"5ec2960e1fb32c9cd95a1b5d"},"package":[{"convo_id":"5ec280e5b488875ae12fe831","start_turn":1},{"convo_id":"5ebd321f61ae1ffeeabe353b","start_turn":5},{"convo_id":"5ebd2e8f83cd1b035ab1b01a","start_turn":1},{"convo_id":"5ebd321e61ae1ffeeabe3539","start_turn":5},{"convo_id":"5ec2805aa4971655de06364a","start_turn":5},{"convo_id":"5ebd31e6ffbc174164868124","start_turn":5},{"convo_id":"5ebd3284937a635ba3106cdf","start_turn":1},{"convo_id":"5ebd3256df908a2c4fdb85f0","start_turn":1},{"convo_id":"5ec28135130a9222477d5164","start_turn":5},{"convo_id":"5ec280e5b488875ae12fe832","start_turn":1},{"convo_id":"5ec280a0f845aee70f463fdf","start_turn":1},{"convo_id":"5ebd2e8f83cd1b035ab1b02b","start_turn":1},{"convo_id":"5ebd31b05a19079180f5c88b","start_turn":3},{"convo_id":"5ec28135130a9222477d515e","start_turn":1},{"convo_id":"5ebd2e8c83cd1b035ab1afef","start_turn":3},{"convo_id":"5ec280a0f845aee70f463fe0","start_turn":3},{"convo_id":"5ebd31b15a19079180f5c893","start_turn":1},{"convo_id":"5ec2805aa4971655de063649","start_turn":5},{"convo_id":"5ebd31b15a19079180f5c891","start_turn":5},{"convo_id":"5ebd31b05a19079180f5c888","start_turn":3},{"convo_id":"5ec28059a4971655de063644","start_turn":1},{"convo_id":"5ebd2e8c83cd1b035ab1afec","start_turn":3},{"convo_id":"5ebd321f61ae1ffeeabe3540","start_turn":5}]}
